Area_Mean,BoundingBoxArea_Mean,Compactness_Mean,ConvexArea_Mean,Eccentricity_Mean,EquivalentDiameter_Mean,Extent_Mean,FormFactor_Mean,MajorAxisLength_Mean,MaxFeretDiameter_Mean,MaximumRadius_Mean,MeanRadius_Mean,MedianRadius_Mean,MinFeretDiameter_Mean,MinorAxisLength_Mean,Perimeter_Mean,Solidity_Mean,Area_Std,BoundingBoxArea_Std,Compactness_Std,ConvexArea_Std,Eccentricity_Std,EquivalentDiameter_Std,Extent_Std,FormFactor_Std,MajorAxisLength_Std,MaxFeretDiameter_Std,MaximumRadius_Std,MeanRadius_Std,MedianRadius_Std,MinFeretDiameter_Std,MinorAxisLength_Std,Perimeter_Std,Solidity_Std,DistanceTraveled_Max,DistanceTraveled_Mean,DistanceTraveled_Std,Speed_Max,Speed_Mean,Speed_Std,Linearity_Mean,Linearity_Std,MeanderRatio_Mean,MeanderRatio_Std,FinalAge,Displacement,IntegratedDistance
0.0651029095872232,-0.26295717919093253,-0.627549065997034,-0.060336675344240726,-0.9210591007546463,0.20026187073608107,1.1738218397006468,0.8085291764060586,-0.2961286367706322,-0.23977943485551834,0.867741202068831,0.8110462453643006,0.549343954520989,0.4422848782702699,0.5955497702032158,-0.1493779086096452,1.00740095851584,-0.6611130010755771,-0.7778148132755914,-0.6070230284411247,-0.7037552669648776,-0.5051395170233814,-0.7363082370969646,-0.8692430729359121,-0.4174911378104517,-0.7161909085679258,-0.7400928226455236,-0.7771165791523617,-0.38357462113701163,-0.07713998855203913,-0.9122440248572586,-0.7976207244518377,-0.7843103384022186,-0.3672823208622823,-0.5714413141592642,-0.5807660867739483,-0.5834114905219383,-0.5714413141592642,-0.5807660867739484,-0.5834114905219383,-0.3964602851686022,-0.046196828766555696,-0.4728605580261174,-0.545211874465596,0.47917709132809316,-0.4202274190238137,-0.5284848628882554
1.1085924808848804,0.41034798721878707,-0.11845154991262569,0.9014328089939848,0.8546913284438936,1.2373840634123845,1.034406673037305,-0.10126392945301582,1.0105605303737026,0.8654783344203465,1.1675785743130167,1.5022872108027239,1.0496466790823473,0.7185251133244797,0.781593691518662,0.7610048759232336,0.5040442939386905,-0.7016167547349423,-0.8160436665351459,-0.8094175399978983,-0.6707277733920932,-1.1152376199688094,-0.8208160120334977,-1.3718249113792982,-0.9927857559201025,-0.7845882960837286,-0.74165884803017,-0.8100587341121422,-0.8017007465120521,0.5656733094617945,-0.6615810518540962,-0.8749950609187767,-0.816858958935212,-0.7674334702991185,-0.5841961929767974,-0.5772522639252051,-0.5915506197340146,-0.5841961929767974,-0.5772522639252051,-0.5915506197340146,-0.3715771693020386,-0.039088827914739194,-0.49838420611159107,-0.5709511303978358,0.47917709132809316,-0.42195072930266986,-0.5244838465358909
-1.0979843203118844,-0.9253202248030942,-0.7460719786667304,-1.0430409627986628,0.5159332328523416,-1.3684112621038302,0.4315766807787452,1.0638877386913645,-1.04392314785024,-1.0581579155960006,-1.4599110939060276,-1.36773177038082,-1.8190438275344585,-1.3703759334589556,-1.425372024562603,-1.1611497428815603,0.6784870620113945,-0.7712266569345044,-0.830641312180188,-0.5849058357911019,-0.7695552442845027,-0.743731167593304,-0.7786451259040597,-0.1805175169223453,-0.27143464101021797,-0.7186888171473519,-0.75934587849726,-0.39733849767592505,-0.7391053954514598,-0.9613391872663313,-0.6878821211020383,-0.7787710391990499,-0.813889144716638,0.22714419494040994,-0.5928870652945161,-0.576714733463979,-0.6130726730207212,-0.5928870652945161,-0.576714733463979,-0.6130726730207212,0.3742899008452974,-0.7933205460660315,-0.8267391510173677,-0.7028058198057076,0.47917709132809316,-0.406307210966142,-0.5238717871755196
1.286493998054538,1.3448051033302182,0.7613423587573097,1.1440302333405024,1.5909248484598393,1.3947919951586023,-1.271507250104571,-1.182183750126763,1.986442063489338,1.8944738027782981,0.2610484960776522,0.8207910974411687,0.8567839265765855,0.05847591426215145,0.06704022119274503,1.2928784463535135,-0.0636949220643973,-0.5269570862661725,-0.4120974352177988,-0.3912335115124924,-0.6003832331980263,-1.161066457192424,-0.6814924288860633,-1.4340575552693016,-0.7981475809474202,-0.5407650628281265,-0.2929928005725083,-0.6955671565848303,-0.6658897583288832,-0.9613391872663313,-0.8582030140927859,-0.8145305901140346,-0.5370180590433775,-0.9813219960018346,-0.5639040698813369,-0.555104316612143,-0.5893719756659187,-0.5639040698813368,-0.555104316612143,-0.5893719756659186,-0.9774997381220556,0.48828941659232256,1.364773466107664,1.4594413272488196,0.47917709132809316,-0.4251527754891224,-0.49926507393824515
-0.5896942712557192,-0.5131670080950861,0.15253609269285182,-0.5504573600646165,1.2077089985906009,-0.5994500333085105,-0.08080972579407439,-0.47818369468342253,-0.12415780697246138,-0.11638377541292677,-1.0203748273998574,-0.9175431095107283,-0.29326156835681644,-0.9894845306025979,-1.0333158452130662,-0.38724637225266845,-0.13271763650468318,-0.5811947846207937,-0.7387378610859046,-0.3440915675342848,-0.7002000279303907,-1.0328476497418881,-0.5732265469644185,-0.08704932395950647,-0.5260009093673832,-0.7576771819261352,-0.714345988385897,-0.5614129726362693,-0.22935282476340288,1.0520862035702019,-0.799902323101839,-0.6008565719704178,-0.9167365444020296,-0.36094907554228556,-0.5204233812495914,-0.48689736294538777,-0.5364084501030651,-0.5204233812495914,-0.4868973629453878,-0.5364084501030651,-0.8535382425917637,0.3993223247323426,1.217288226192838,1.451999838001538,0.47917709132809316,-0.4359675301336797,-0.42160118799042173
-1.1177926825177498,-0.8972354480893627,-0.5474736719333898,-1.0402701800332839,0.7721470029635563,-1.4025985146725846,-0.09283443937726923,0.6442027585688069,-0.9822199913111752,-1.022708151482963,-1.6836806975804852,-1.5408075379459896,-1.8190438275344585,-1.4462035798561024,-1.5351574267683232,-1.1270588112255022,0.13276829063522702,-0.7797127995737559,-0.8699315899697507,-0.6981400896353098,-0.8426628864456702,-0.8435758806585125,-0.7907617706658594,-0.7703626537589476,-0.6242172657416126,-0.7516375341785063,-0.803960550184946,-0.6303339254783661,-0.6923570354103072,-0.9613391872663313,-0.7902356102829767,-0.815903471926565,-0.9278943755915794,-0.3325582270993819,-0.5838703453441266,-0.5658283868203557,-0.5927554460622577,-0.5838703453441266,-0.5658283868203557,-0.5927554460622577,-0.36294690302873284,0.9848242658593369,0.39787724469723373,0.6077957128537983,-0.5390742277441045,-0.4235359827456466,-0.5281210719538021
-1.1233988227646927,-0.7118272901307454,0.5092059428261656,-0.910453876396082,0.07564020407521486,-1.4125354207414145,-1.6997198503366078,-0.8326874707277185,-0.9191089107235569,-0.9260575579911718,-1.875036892875236,-2.061758889562405,-2.2685817367338923,-0.732598438293879,-1.0557617388773208,-0.8670562165678872,-2.7221274232806425,-0.7342211045619559,-0.4551495107231604,1.9330167278867276,-0.4842938179257827,1.0104796895245163,-0.7155272857096047,0.9801387620681712,1.6172082370693683,-0.2775497943127902,-0.5191195890101711,-1.376198248099967,-0.6364781259123238,0.9881515646189323,0.6039146503481793,0.8684193613030952,-0.045206705927199504,1.7825527814712634,-0.5641674696335606,-0.5054695099032523,-0.5587186433891198,-0.5641674696335605,-0.5054695099032523,-0.5587186433891198,1.01010384655651,0.9178807903887981,-0.8890625283647946,-0.6318587113531607,-3.084702525424599,-0.42272704806589495,-0.5544608303126387
0.5390086317954713,0.010595840748010944,-0.49689416603464226,0.33249874783616123,0.2879927020984551,0.6986586406957299,1.2673712674021476,0.5425887866217604,0.3374781244070849,0.20689164019680661,1.0166931742877383,1.227415651245236,0.8567839265765855,0.45327699790555365,0.6558106166796105,0.22469067513758925,1.1243602280209632,-0.8356896185468164,-0.8049096496028088,-0.867926863684231,-0.7904910290780616,-1.0285651128365265,-0.9306790494644003,-1.362595056803628,-0.9720315798335132,-0.807346347795571,-0.8911342955514278,-1.1475991406489037,-0.9175602324161232,-0.9613391872663313,-0.7508504017637576,-0.9500312939633246,-0.8881439889895365,-0.9986179551801027,-0.6124459485758252,-0.5978485241739536,-0.6278320368712529,-0.6124459485758252,-0.5978485241739536,-0.6278320368712529,-0.7150369965636194,-0.09012074897940246,-0.10373273471921741,-0.17561957464794423,0.47917709132809316,-0.4288662069206181,-0.5479357897897376
-0.3370442174601547,-0.23669608927679378,1.9774821367750879,4.815990680009491e-6,1.3261797206351413,-0.2725724565685919,-0.5815855235089272,-2.1301358768757424,0.5490365578448732,0.018884093744139907,-1.2401272569942148,-1.3776575581529542,-1.6283210451372532,-0.3066097583500331,-0.5520011119156436,0.4154404964576509,-3.4550529331352586,-0.4707101833896547,-0.4653196953916051,0.4398189066041087,-0.3956792805836983,-1.0575906267015156,-0.48322676756730903,-0.9292971985659999,-0.5183194917375915,-0.6730216167859578,-0.7469493797309539,0.3175690067873809,-0.49145935651248507,0.5487298558610685,-0.05004545248242837,-0.34206977013994144,-0.346776388179177,0.013597520540872255,-0.5333987753369979,-0.5017015572298782,-0.5489947039416003,-0.5333987753369979,-0.5017015572298782,-0.5489947039416003,-1.0841199394799164,0.09086875171950111,0.41872481703656506,-0.12411109153420706,0.47917709132809316,-0.42645677343929356,-0.43845799209396696
-0.2996699491472014,-0.25639190671239787,0.11123008321297666,-0.24259260835583762,-0.2669748804390038,-0.22537191077982943,-0.3248039331915138,-0.42000002976193834,-0.35440031013669226,-0.2753768214561001,-0.2944799197907503,-0.3896104692556084,0.08818399643759428,0.08813681265520605,0.08253573516178123,-0.13961084725932033,-0.6470312306913552,-0.6201870663178082,-0.5749948758436525,-0.2841693823193226,-0.5901216640389944,-0.06910523896168051,-0.6602897372707405,-0.2915508326835373,-0.3733746039803984,-0.5860538699249168,-0.5710832077388265,-0.28582623125805695,-0.7516562480485781,-0.9613391872663313,-0.37058025258595756,-0.32729431725644353,-0.5607566862370843,0.009000782848556495,-0.5263318726268893,-0.4955704183118928,-0.5266410186070347,-0.5263318726268894,-0.4955704183118928,-0.5266410186070348,-0.8073932175244691,0.8026011785566437,0.7568462357298649,0.3954640291208922,0.47917709132809316,-0.4236701763317691,-0.43147676733522555
-0.5029859687696675,-0.5284859772116668,-0.6033738149551202,-0.5159765078732333,2.346834418185348e-5,-0.4829306426007211,0.48262799003948975,0.7545748624089823,-0.5637282052868343,-0.5674706084881386,-0.21438719252462,-0.22502286441601124,0.08818399643759428,-0.43694837161635897,-0.3912988732708187,-0.5662810932342368,0.5295123457791377,-0.7196665196642851,-0.7238188242779215,-0.7418152291102059,-0.7485445164654718,-0.8496676559619406,-0.7636817268895791,-0.2157965758092671,-0.6899209456317765,-0.7815929473074951,-0.7896319063295955,-0.05036977001334135,-0.6978022066674099,-0.9613391872663313,-0.7615411809471235,-0.792193365097207,-0.8351327791831209,-0.8077092201028772,-0.5634123432514423,-0.5519805998782519,-0.5829735415291947,-0.5634123432514424,-0.551980599878252,-0.5829735415291947,-0.5068868266502556,-0.17534773703003917,-0.400314815841311,-0.48245970092507545,0.47917709132809316,-0.4150957892738988,-0.49570825213178366
1.0054395003411292,0.6313788273294535,0.15843038452112976,0.917441776082841,-0.8552910013298,1.14379705495092,-0.02197505423080322,-0.4915847478589533,0.36620402342265995,0.3898423924493212,1.3781602072165797,1.3258934090752275,0.8567839265765855,1.7059730527336532,1.6665621575713627,0.8310360329536365,-0.24862805839633306,-0.7012856576207371,-0.39000039175968465,-0.6000201624780486,-0.5813195801694192,-0.3831123928310124,-0.8179261326417422,-0.7831003572553528,-0.787669700535668,-0.6609024854205399,-0.6230638651439547,-1.2026982969953268,-0.8741361214989941,-0.9613391872663313,-0.645419141880838,-0.6305344665128206,-0.6792542245524051,-0.7597949638575141,-0.5803614194792086,-0.5547720765739138,-0.6109603868700674,-0.5803614194792086,-0.5547720765739138,-0.6109603868700674,-0.7483227929656626,-0.007985065315585165,-0.17011254643198342,-0.42127491786406734,0.47917709132809316,-0.4203203988021965,-0.49888676863285947
-0.5612898273378748,-0.5744428845614095,-0.5838335455425349,-0.5652348681466379,-0.31528071474780783,-0.5604204372002218,0.5500025398383065,0.7137555962044196,-0.6630873313115229,-0.6616318494469952,-0.3389731943426589,-0.3303870129195121,0.08818399643759428,-0.3360736895198909,-0.3433595483196212,-0.6074878505532061,0.5057860030246565,-0.6864027737004734,-0.6127693102635162,-0.7924523404139322,-0.6756549453827512,-0.6657208261165186,-0.7181818292719873,-0.07944116581938818,-0.8046400906773856,-0.7745530237042738,-0.8536478898181901,-0.0895365213816558,-0.7814520206294023,-0.9613391872663313,-0.7429968848269933,-0.6216350827031468,-0.7771445944176082,-0.7916427122147235,-0.5890732570783132,-0.5804855514357268,-0.6071984039415236,-0.5890732570783132,-0.5804855514357269,-0.6071984039415236,-0.4748296202336485,-0.19256358228481815,-0.4345161913752265,-0.507896223260071,0.47917709132809316,-0.41629609418550695,-0.528165431168457
-0.6420182468938538,-0.5671481373630376,-0.39983979997359603,-0.6095673923927022,0.24234647922591052,-0.6698460263663806,0.03280540344568838,0.366374349160107,-0.6014841563558857,-0.6695048178277804,-0.8371918559429089,-0.6865030004323793,0.08818399643759428,-0.6471841059640157,-0.621937670980141,-0.6137199309869803,0.06709948902277024,-0.7865748783059028,-0.7900125733452061,-0.7364265351996391,-0.7782486292273485,-0.8088846210556555,-0.8413170478233507,-1.0568416692545894,-0.7670324727682436,-0.7896499734590625,-0.8368672036509472,-0.5964799722046825,-0.6868948922541052,-0.9613391872663313,-0.9407075282837368,-0.8144152008032478,-0.9045419454380003,-0.4085589103962366,-0.5903282720833963,-0.5726926089628058,-0.6109465653284349,-0.5903282720833962,-0.5726926089628059,-0.6109465653284349,-0.7611270028436269,0.3726056402789749,0.05618333025263553,-0.281142520117821,0.47917709132809316,-0.42746963541794464,-0.5192919928622705
-0.13970808076776112,-0.2965130163034429,-0.28232602085460073,-0.1871769530482574,0.6437155300187747,-0.033211364835486944,0.5791821309198129,0.16324647988133653,-0.029576451379261296,-0.03285017276851224,0.07330653420778409,0.14306589517031568,0.08818399643759428,-0.32987068873406455,-0.22391023800452578,-0.15608677338295995,0.41124429509270866,-0.6791377245190411,-0.5248806205739621,-0.7063084357290761,-0.6754560118481902,-0.8542775964274456,-0.7441946552540554,0.34608922555604965,-0.7693732784369522,-0.6399760412666947,-0.5831644405678765,-1.242296880753468,-0.8326166078247439,-0.9613391872663313,-0.24375171570440538,-0.7305804108307989,-0.769475013144649,-0.5343275375471889,-0.5548369470582851,-0.5278225549335772,-0.5661054602253716,-0.5548369470582851,-0.5278225549335772,-0.5661054602253716,-1.0295849565253328,0.25775908394207264,1.1118767394881415,0.7320636183624566,0.47917709132809316,-0.4357605436900754,-0.46820068074144766
-0.4282374321437608,-0.33371622701513914,0.27313163559755355,-0.4260800003742699,1.239012147175461,-0.3861815353646661,-0.4503988865275698,-0.6382935022287453,0.11165596972067046,0.15852500672420294,-0.6375494634517873,-0.6612791302394776,-0.007177394761008393,-0.6734875784814279,-0.839504914993472,-0.19681674636238866,0.1874566981635828,-0.6904428158074128,-0.7057663540290793,-0.5274587878044169,-0.7068373128726028,-1.0432306328660363,-0.7346338794374346,-1.126073057642836,-0.783034818183826,-0.6904261744367246,-0.8017725968624521,-0.9075366155006752,-0.6672139432499622,-0.20630466570263173,-0.7579302026925965,-0.7127673924769419,-0.7964143482393534,-0.36880950254537076,-0.5769690514893913,-0.5695073482363968,-0.5941110466222554,-0.5769690514893913,-0.5695073482363968,-0.5941110466222554,-1.0578745268222154,0.18266473916776738,0.8436968647360976,0.3391740688988496,0.47917709132809316,-0.4309939388041329,-0.5156650939543004
-0.8199197640635117,-0.7509757667620076,-0.7021355801885252,-0.789360407390629,-0.38122475960903357,-0.9252144788361027,0.6101826166983605,0.9661108427184932,-0.9276756271505612,-0.9324128062055546,-0.7986089656495275,-0.6914015376071557,-0.19790017715821373,-0.7931386936713328,-0.7198281019462989,-0.8751681666064874,0.45609508473187516,-0.7016167547349423,-0.6235207501419954,-0.6162512266174001,-0.6793976048575517,-0.7229814700180369,-0.7045562032117489,0.765924056824893,-0.36053127436555954,-0.8047220177371464,-0.8426083457492629,-1.080637628718527,-0.8891940913691206,0.6501874277746824,-0.5674296194711571,-0.6311815093127325,-0.7355856770924348,0.05620784404419931,-0.5879393042473575,-0.5625689644125862,-0.6085844981185214,-0.5879393042473575,-0.5625689644125863,-0.6085844981185214,-0.05468211441624388,0.48401349924441534,-0.32571518435023616,-0.25081581879690595,0.47917709132809316,-0.4275384108834647,-0.507764699331966
-1.1402172435055218,-0.9355328708808148,-0.6033762920070332,-1.0541240938601788,0.12511278805367193,-1.4416223469793692,0.19009999787438348,0.7568957975396333,-1.1555789436578028,-1.2051973246197438,-1.5762563983284186,-1.4949090403117113,-1.8190438275344585,-1.2512752775118865,-1.3415600323542796,-1.1667075484360285,-0.024259049061011118,-0.829826800262223,-0.8437634433017057,-0.6673942241845074,-0.8502598998485229,-0.5355415831156113,-0.8726917958745166,-0.1148421766947104,-0.5174216733077658,-0.7102467417642827,-0.8303297447286851,-0.29750717521277537,-0.7761390980376236,-0.9613391872663313,-1.0090972294074163,-0.8953030249299483,-0.9085087039808043,-0.30549730004172176,-0.581455206833506,-0.5467114291822935,-0.584950467859767,-0.5814552068335059,-0.5467114291822935,-0.584950467859767,-0.703859754032907,0.17046729672918648,-0.21260701099026644,-0.44868128228332305,-0.5390742277441045,-0.42429080567689903,-0.5111907673359534
0.16975086086349253,0.06749486889531127,0.3202679615830684,0.2253618142415063,0.014684179704831084,0.31142952274072616,-0.03260782133117561,-0.48529940596362664,0.08553743435314644,0.1364333678637951,0.3595997344789131,0.2870430403726585,0.08818399643759428,0.5247831674299451,0.5575037426396238,0.3103598768923037,-0.6770484078383089,-0.11535496469086715,0.7334101106347323,2.811693943904626,0.6851011032165256,-0.6611545370398594,-0.1900461285770193,2.063288293307802,2.679029220625077,-0.03014742527170573,0.06414578623756736,-0.32465358145056916,-0.058149870920936,-0.9613391872663313,1.0481231308194139,1.114818747156158,1.2528582833572455,3.387437200918921,-0.3799452699721027,-0.38600760046042504,-0.3292124525538154,-0.37994526997210265,-0.38600760046042504,-0.3292124525538154,-0.6765132922516846,0.28965126726837964,0.6111430017726358,0.4838161480594786,0.47917709132809316,-0.370172959475018,-0.3067230034988857
0.7124252367675751,1.911606960643709,2.7181359564590704,1.0479764308073634,1.755929764155814,0.8683041809897122,-3.051207528790413,-2.5469812725634995,2.44695632933944,2.131177779174279,-0.5930561888998788,-0.6501360374325554,0.08818399643759428,0.257737107319779,-0.20725334758746886,1.641385335116352,-2.8269754902852893,-0.5801641344080251,-0.4694613676439889,0.11997980434885908,-0.43698935203506534,-1.1580465504013224,-0.6979908890681965,-1.3905128559038569,-0.9396135773847751,-0.4930192720926234,-0.5999029474218508,-0.8038793743659955,-0.5431497301187308,-0.9613391872663313,-0.273904777707251,-0.5631624658120626,-0.6355280960380632,0.280967166108241,-0.5696599419539708,-0.5433975136042284,-0.5867497054850943,-0.5696599419539708,-0.5433975136042284,-0.5867497054850943,-1.1623838231708912,0.14965362435587315,0.8361675772700716,0.2763682455541698,0.47917709132809316,-0.42896711154092587,-0.4859351161444627
0.2833686365348706,-0.0010757547693839374,-0.2531600781644279,0.17487199496126662,0.6769269945232688,0.43637293233187946,0.48999600160164913,0.1111546389914849,0.31248826717350286,0.2980079676617754,0.38481204599020136,0.7023237383220827,0.549343954520989,0.18451209962263507,0.17831584587628416,0.165066970317074,0.517451449973246,-0.6879475551456997,-0.6141512837942913,-0.9017640326158389,-0.7328992870095189,-1.0809837613486812,-0.7781307340826586,-0.46253641496954273,-1.0914402004811132,-0.7614165997415767,-0.8496704030950353,-0.1190943260770438,-0.8557655010521541,0.03241492168691932,-0.4498273252858888,-0.8455891353678046,-0.8744480378301883,-1.0307450469491446,-0.593133749968817,-0.5770677634871636,-0.6054190709591406,-0.593133749968817,-0.5770677634871635,-0.6054190709591406,-0.998529702807063,0.0812923262010325,0.6079191362587115,0.5487106019498503,0.47917709132809316,-0.4252251720684915,-0.5242737650089048
-1.0552946005055335,-0.8998696623554414,-0.2937779162491213,-0.9816048412354443,0.6893382153751629,-1.2965136876330208,0.4865100552840986,0.21482739644882104,-0.8506262606203981,-0.840253411813228,-1.488959274392436,-1.4576783132709887,-1.8190438275344585,-1.416847435721513,-1.406848556069097,-0.9895034859126428,0.0829858855901415,-0.701451137390315,-0.7441152615776244,0.056549271944441946,-0.7254058124732244,0.33703999147416547,-0.6674365222925989,0.13060583730411077,0.49694392758049266,-0.052280435068760095,0.09248410853697916,0.18441041502411462,-0.578455304009216,-0.9613391872663313,-0.31845720848659576,-0.28191886549486195,-0.5498849415820508,0.5366502152884581,-0.5041210657713501,-0.44687206125973317,-0.5147253311998375,-0.5041210657713501,-0.44687206125973317,-0.5147253311998377,-0.4207084028320154,0.797029380105808,0.22020311240850485,0.38198159684250527,-0.029948568208005708,-0.4298170657825428,-0.39939883575540813
-0.7152718127872424,-0.516814381694272,0.5671367872928981,-0.5750865402013188,0.8013967910702429,-0.7732016335282863,-0.6503562533410262,-0.9490406348165008,-0.4066501903379464,-0.32466959332451684,-0.9463374999425661,-1.2667504726277925,-1.6283210451372532,-0.6038310176745184,-0.8694600316599866,-0.38629280357358686,-1.487650281748342,-0.6596489803291511,-0.5106351004579349,0.5393099548603494,-0.638115519379714,-0.7138509678967008,-0.6625511558612435,1.0005471959395882,0.2652245091391115,-0.5382292393688534,-0.6857604525470713,-0.5462169529236142,-0.2739323889328667,0.045373508151935575,-0.7793824625777245,-0.6372525794385783,-0.5174732899227662,0.3261143441293797,-0.5581789548735142,-0.5458302788391948,-0.581982673307271,-0.5581789548735142,-0.5458302788391947,-0.581982673307271,-0.6116494818871088,0.05024611754267957,-0.16848875207678884,-0.32069697387991025,0.47917709132809316,-0.418340607396423,-0.4887051856401533
3.494565769983821,3.373474299197423,6.112730095785937,4.2054373243326,1.493083190249626,3.073937619385886,-1.370086080336021,-3.6170384470133405,3.927488183902699,4.085442335233597,1.0624810787981054,0.5529733180884348,0.1650439894514934,2.385911131205972,2.08291457159044,5.126072072854165,-3.3353009720630515,-0.153694381003676,-0.07410893145212104,3.492909819832935,0.3579561365220968,-1.0615709770755681,-0.5088146841152416,-1.6079854207018023,-0.48061141947232355,-0.6475976997206715,-0.8119516481039611,-0.5314303641430022,-0.39527712142722043,-0.3527915630839253,0.22198936536804587,0.18136800786138244,1.426915383719181,-0.3917627250003816,-0.5552959793708532,-0.4937894277624936,-0.5709492746300034,-0.5552959793708531,-0.4937894277624936,-0.5709492746300036,-0.34908255929125004,0.6203599044992897,-0.1859190329904239,-0.2636681473738371,0.47917709132809316,-0.417869332913277,-0.42944884144986073
-0.9828715739079882,-0.8837401657723749,-0.7001516267774456,-0.9322096521835024,-0.7858956399258862,-1.1797703024846635,0.958000085361316,1.001434925170805,-1.113429059170148,-1.0737757664374545,-0.9319677687943644,-1.0173916907613996,-1.342236871541445,-1.0149947873051952,-0.8923165323884388,-1.0307049188715827,0.5092669991773754,-0.5115092584926186,-0.46410309549716666,0.09917569077822769,-0.41342343454739267,0.9022785677476209,-0.39741436776705924,1.3411759838058477,0.7795669249561061,-0.3258721148151155,-0.12699041719958473,-0.8000354891179156,-0.5591285277820299,1.067755119970278,0.1321051606384261,-0.18591397817442207,-0.2944410716918979,1.3085784051793155,-0.5297642973229519,-0.4808787976527381,-0.5579164681940035,-0.5297642973229519,-0.48087879765273805,-0.5579164681940036,-0.9560474426184886,0.19848459353905654,1.4427686388575256,1.5694973135008448,0.47917709132809316,-0.41391636948435506,-0.41474814525314274
-0.05299977828170942,0.12220547288309996,0.6144650178830624,0.05542047129826021,0.5162218479321086,0.06680716811912026,-1.0516829853383143,-0.9834295738723605,0.18717391263560348,0.45246875417781307,0.2777866419626713,-0.05517745627496343,0.08818399643759428,0.22775100276423355,0.1394705099201376,0.24557334759685032,-1.2737916607364448,-0.5837513859209548,-0.010343343009794198,0.8196122881021287,-0.38125585036657167,-0.17592453566409805,-0.644051550770848,1.0830770016729576,0.7134530774319373,0.0238316899847822,0.17464907056263282,-0.4436443796539702,-0.5211769430005807,-0.9613391872663313,-0.7047136853612158,-0.5668166492682903,-0.09486017126502426,1.4660477191538548,-0.5604825377788851,-0.5196804120030996,-0.5798982122815162,-0.5604825377788851,-0.5196804120030996,-0.5798982122815162,-0.5133927857408962,1.2496166964454383,1.1702428349467613,0.798342088599828,0.47917709132809316,-0.4295214523429252,-0.4589296251389202
3.1596923258997593,2.5630278854583133,0.2429564896388947,2.8409807447592916,0.39760542305293944,2.8455578045156322,-0.6681692380532818,-0.6022341014669287,2.0108142067563453,2.0968422386880055,2.9350372351338643,3.091125497340218,3.148510614277136,2.9033258782793347,2.8094849939341855,2.068729855970574,-0.06374705270773914,-0.5287853662237175,-0.2275756321244595,-0.6449423775021067,-0.4059326750887184,-1.0113772311301796,-0.7453943462003445,-1.2336265614659012,-0.8874037536244662,-0.660989130818663,-0.7130549601267415,-1.0340727157524816,-0.6804181576621267,-0.29790571325813037,-0.5609435862471188,-0.6835151783579577,-0.621643101128777,-0.7100771925893399,-0.5444471815938101,-0.523933266055754,-0.5563965367937199,-0.5444471815938101,-0.523933266055754,-0.5563965367937199,-1.0763682603578322,0.6215964559093139,3.0663803248736663,2.338253756180425,0.47917709132809316,-0.4352138787993648,-0.46377213978503445
4.037240145887903,3.9855035891408193,1.179387808925964,4.085985800669593,0.3419797037942157,3.431215822099597,-1.4942573177125587,-1.5659720236915011,2.5720130323179937,2.3434553638713305,2.4907908813413435,2.684100091426933,2.897134270908948,3.8058918314972336,3.672804926873924,3.071926589741017,-1.486627728460606,-0.4931837110234109,0.005754985567257272,-0.4603163138934398,-0.3698955658028021,-0.9753553124843071,-0.742502220445173,-1.3570490862306643,-0.9611313237953972,-0.8371883794214524,-0.6015313135912044,0.001923353348698293,-0.5938276779956168,-0.3716205437034861,-0.2640552405237159,-0.37617495909876075,-0.46519891236440813,-1.0315739632123468,-0.5706270201980055,-0.5257238113351346,-0.583807949465993,-0.5706270201980056,-0.5257238113351346,-0.583807949465993,-0.918477207391149,0.5430005934127643,1.000189506918123,0.5186288768914445,0.47917709132809316,-0.4310482747342507,-0.46581094516903754
0.06360793885470516,-0.021501046924824924,-0.09768488313321308,0.030791291161557897,-1.05642337658412,0.19797487067419353,-0.12993071964604774,-0.12217116207628279,-0.2512926357142787,-0.16014190911339557,0.5673587894213906,0.3585627586003201,0.08818399643759428,0.6141987004322461,0.7433497955553263,0.07114286349066865,0.006870232974176581,-0.518349016447209,-0.32903596838985977,-0.3913510006817627,-0.5326020916066195,-0.4674218671512772,-0.5846832570070106,0.10124013780533375,-0.35697956691192884,-0.5648511009200544,-0.5990978564261151,-0.539999006238379,-0.6950789705714061,-0.9613391872663313,-0.5836385277586729,-0.5022730632531239,-0.48769201812784135,-0.3950206353792991,-0.5607765477157771,-0.5310367918551637,-0.5824969081195359,-0.5607765477157771,-0.5310367918551638,-0.5824969081195359,-0.7595998385138505,0.040380964864530855,0.03470371321045923,-0.062060786312083865,0.47917709132809316,-0.40303493416250813,-0.4718605734102658
0.5748879293759066,1.04134361987795,1.4933677088388744,0.7364173020780792,1.0380341218668077,0.7337888602732179,-1.9875276242509732,-1.8083861553045446,1.0783607681801854,1.323090662804364,0.8625745923519794,0.3122074966086406,0.08818399643759428,0.929538010840629,0.5400987047601268,1.0839909713316824,-1.8055669522524478,-0.5661996563205269,-0.3030950952666436,-0.0696774607127923,-0.56274688205008,-1.0831067736173507,-0.6748595650802226,-1.125373089656714,-0.7446724029492078,-0.5045265869738923,-0.5735473567730145,-0.1030534154919587,-0.7508975317445061,-0.9613391872663313,-0.7610136221702685,-0.7274547273257637,-0.5566608441956798,-0.7301090477857539,-0.5647670914734882,-0.529750036816375,-0.573379059414229,-0.5647670914734881,-0.529750036816375,-0.573379059414229,-1.2971429735538065,0.3080137725935986,2.023547148263506,0.9577373725763709,0.47917709132809316,-0.43560186717014093,-0.4703954090655344
-0.25631579790417547,-0.2673340275099556,0.19371012134431156,-0.26229595246519954,0.915053507850741,-0.17390111469045308,-0.07008809929153678,-0.5151392497893701,0.04975611371209113,0.0914804448779685,-0.4751465948009725,-0.41922423699550204,0.08818399643759428,-0.3997894066525779,-0.45081632254356446,-0.07645216152225441,0.05961012163972567,-0.4160892720988937,-0.36541284522893214,0.13355349611760828,-0.4819988944261207,-0.9189641417587323,-0.4275524805648654,0.3933165101920205,0.0758116169473266,-0.413524670112143,-0.45505043851711807,-0.3703421955383835,-0.18284268198625353,-0.9613391872663313,-0.27701461232849023,-0.5102025773759907,-0.4239507502642533,0.23010617464575087,-0.5109023730707467,-0.5105608916671365,-0.5298453447680077,-0.5109023730707467,-0.5105608916671365,-0.5298453447680077,-0.8052332160194391,0.2588723576861472,0.5828218575399295,0.39822329813571133,0.47917709132809316,-0.4044974608631582,-0.4485456782068891
-0.29219509548461076,-0.3847794574037419,-0.6383981314321413,-0.3571182959915035,-0.8555530572475669,-0.21564593038109803,0.4607761805050983,0.8253937729705859,-0.5409963211853963,-0.46089030837703265,0.5424232757138713,0.24133645129609432,0.08818399643759428,0.03090889481303891,0.14898363217104935,-0.4128489688670698,0.8802711022468087,-0.7547762889653038,-0.7853262037377597,-0.7818398319555689,-0.798003818335937,-0.5415385498846947,-0.8212749798853306,-0.789571066302712,-0.7399224179814599,-0.7836777170954694,-0.7878199641256814,-0.7762395531482611,-0.6931880842315941,-0.9613391872663313,-1.0757898048484544,-0.76520390811803,-0.9372205046143995,-0.7779558223191655,-0.5817425574566776,-0.5546357398796885,-0.6066205390533588,-0.5817425574566776,-0.5546357398796885,-0.6066205390533588,-0.49851361875004724,-0.10561443160178743,-0.34338714038303597,-0.38025262505778357,0.47917709132809316,-0.41511965058771305,-0.4987315287797126
0.5315337781328806,0.6160598582128725,1.2750957250185553,0.76104648221478155,-0.8778233685242403,0.6909151780762722,-1.0937555242129564,-1.6360444495458946,0.24264916625089422,0.4711141471691935,0.8682306905460342,0.26183317583792937,0.08818399643759428,1.1453136754420297,1.4827496736574652,0.9674745452276177,-2.253100614287951,-0.6578313664575888,-0.3803881205747165,0.043739113456009206,-0.5720296057416605,-0.6990414851064377,-0.7609376713780766,-1.0681592282933354,-0.545591379973906,-0.6727728608195377,-0.7371280029622381,-0.8870395225240518,-0.6967819280849125,-0.9613391872663313,-0.9756640110716146,-0.7789974966694853,-0.4191169659374647,-0.9379833313187735,-0.5742731625090512,-0.5464582464324887,-0.5833160778258818,-0.5742731625090512,-0.5464582464324887,-0.5833160778258819,-1.0087557828109375,0.10363520363593963,0.28420485293144093,-0.17277298433694893,0.47917709132809316,-0.4173616444472133,-0.4894202212915445
-0.8064650274708485,-0.7976621488315873,-0.7482873833232457,-0.7942862434179695,-1.1644505952976854,-0.9059781303272971,1.203670464955202,1.0666519693872385,-0.9978760449706758,-0.9598940341448634,-0.6017900216994326,-0.6209000835597664,-0.10253878595961106,-0.6504692045864875,-0.5303291190772101,-0.8787031475230384,0.7726682388767083,-0.6104023999282402,-0.6611354066623331,-0.6332639112608134,-0.6416010586572914,0.6023800850197916,-0.5798115351926251,0.9278182637616572,-0.38308110819914115,-0.5605485221730124,-0.5658811554492057,0.005276440515368825,-0.5460827095233302,0.5487298558610685,-0.3483062087363169,-0.380312952266102,-0.6980649116937466,-0.3748854280836336,-0.5423883508118302,-0.4961552364465628,-0.5557430101803601,-0.5423883508118302,-0.49615523644656273,-0.5557430101803601,0.3547340902358825,0.32841084171230683,-0.7152751983932745,-0.582131109468127,0.47917709132809316,-0.39519140264132485,-0.43214267083141655
-0.5523200029427658,-0.5831965811994556,-0.4768803962302837,-0.5627719501329677,0.6230051513752332,-0.5484229765905918,0.6591920808666529,0.5085615019599247,-0.4228194472188205,-0.45771550684034745,-0.7644288091117548,-0.4431461125615765,0.08818399643759428,-0.6940245920993316,-0.6993223943776506,-0.5616768563588501,0.5965898657781985,-0.6872252657650024,-0.6761883248653157,-0.7129098760853264,-0.6511103560506726,-1.0385349836776843,-0.7172559895854094,-0.5808350550565053,-0.6728238405312602,-0.6753118878984405,-0.724646384224047,-0.8585665538343401,-0.9910589679064155,-0.9613391872663313,-0.5541135653227188,-0.8970992266469888,-0.7052025152891638,-0.499022649256314,-0.5882511041831324,-0.5768515128307377,-0.6045301028737522,-0.5882511041831324,-0.5768515128307378,-0.6045301028737522,-1.333204105271595,0.24967828074663065,4.3567891464364035,5.382302052386963,0.47917709132809316,-0.4402492025327232,-0.5240275310779943
0.905276461262414,1.5023716428150493,1.1673521283032486,0.8078419244745157,1.652283324686183,1.051029241146439,-2.1957266059601883,-1.5573559188607387,1.9123895990806477,1.837692337479543,0.08290521230902131,0.2531291234278147,0.549343954520989,0.06598142934879063,-0.2036062015593431,1.208047125998127,-0.12614888924923578,-0.5650840158912002,-0.09455972772959831,-0.5882785135962384,-0.5947605236350726,-1.1417108278081531,-0.6923048635852073,-1.223653861982686,-1.0656433501271356,-0.40754699943849015,-0.4901397182686607,-1.1976630916379685,-0.8705216561340126,-0.07713998855203913,-0.6736118483823608,-0.9026980545160586,-0.5980699632290799,-0.9840272086899394,-0.5826369396673282,-0.5582736146601286,-0.6062966246964956,-0.5826369396673282,-0.5582736146601286,-0.6062966246964956,-0.38183239752477166,-0.3349666406665957,-0.5309739465248502,-0.5673659332709886,0.47917709132809316,-0.40729657330599006,-0.5028737969334988
-0.5164407053623308,-0.2811940471868621,0.24482282355628676,-0.49381024575020127,1.472375322926786,-0.5020215873369333,-1.0861961203468586,-0.6013355916880185,0.17267065390545244,0.020552057619557,-1.29276516513171,-0.99525346472548,-0.9607913067470344,-1.056726949509294,-1.189585871621337,-0.28788014715154925,0.012754055680667042,-0.5115092584926186,-0.48609258795369753,-0.48268174264356445,-0.6139475187202124,-1.0096455411227832,-0.502259972450978,-0.766634313905305,-0.6884146368064683,-0.5714162900336386,-0.49600944666414776,-0.53069093400193,-0.4547514251327665,1.1292567374496556,-0.11572107508827553,-0.3442185250641076,-0.6319298319831871,-0.34155685176720485,-0.5089733336140558,-0.45323235679951035,-0.5511468783182321,-0.5089733336140557,-0.4532323567995104,-0.5511468783182321,-0.6557401486831754,0.8112894611080874,0.2994653439093018,-0.030489981310712372,0.47917709132809316,-0.4199200597673225,-0.3832685099101138
1.2700493199968386,1.980177584308404,2.701584816011016,1.7018811634368098,0.5510894687815581,1.3802086431534317,-2.3235057729940483,-2.5338158616708584,1.341430730284822,1.5527860221561611,1.0057036560963455,0.3458740272668485,0.08818399643759428,1.7287206099332382,1.6758984281331633,2.0934197855358985,-3.097972239555062,-0.46638537973385064,0.013742175985235845,0.4935895135792462,-0.19396755785856615,-1.0848287068709264,-0.6252104197452235,-1.295865223860143,-0.7105672253615928,-0.560539866008655,-0.5219826097796847,-0.49634352891583267,-0.7571871047120314,-0.9613391872663313,-0.13171536494994568,-0.3556465295881727,-0.10457508315515718,-0.2643188247016233,-0.540331163817318,-0.5115560648006725,-0.5600928889380785,-0.540331163817318,-0.5115560648006725,-0.5600928889380785,-0.37564142092846586,0.733241440813021,-0.19226493386509716,-0.3432262573564995,0.47917709132809316,-0.41789061135601335,-0.4496788326520928
0.6989705001749118,0.6291904031699419,0.14675413873728685,0.597262434305711,0.828125900048224,0.8459629801192928,-0.5943451787002891,-0.41002369454990556,0.8348348394444078,0.768520095643448,0.6369089821808063,0.7996528605265336,0.8567839265765855,0.4459356113264704,0.3843648229578687,0.6242122841997279,0.1142505781888659,0.5407367923133377,1.4619425881160577,0.8249867730499278,0.6803224746820588,0.25788994232414203,0.35261399968790325,1.2420304862410398,1.10242425792917,1.3240854229149952,1.1749803502190952,-0.506404034422499,-0.5620876056143805,-0.9613391872663313,-0.8455199531206952,-0.6453887621442983,0.9204828398137608,0.18028061648981797,-0.29803543980632385,-0.33063353574775656,-0.2667482153921225,-0.29803543980632385,-0.3306335357477565,-0.26674821539212246,-0.13022003023940662,0.7123912792239832,0.5847044582228113,0.7333764216641615,0.47917709132809316,-0.4094302347306996,-0.2436712937373893
0.6047873440262692,0.3877342709038343,-0.1671425044576658,0.5246063529024392,-0.2219996501880796,0.7486716351390088,-0.07518088435362083,0.028646015710719917,0.2825637748712694,0.2294874633869815,1.0956617086962495,1.0752657396799379,0.7799239335626864,0.9263961426688154,0.8939240875743433,0.41754512435557894,0.018736085762504476,0.8528184593814985,1.2565464371402397,0.44674062077594084,0.9408226337118327,0.6693924787513125,0.6661182359039198,0.7146712281064508,0.8538120986181176,0.9388107974681954,0.8840145556334472,-0.7210155636656139,-0.2228950910114493,-0.3527915630839253,0.31980470680336137,-0.40302251427589414,0.9184484824428629,0.31721183998234326,-0.29579220785798177,-0.3391610286100598,-0.2894294520930333,-0.29579220785798177,-0.3391610286100598,-0.2894294520930333,-0.2590945003809166,0.6052018901954779,1.1785124830149392,1.4402624153057444,0.47917709132809316,-0.42800536715738663,-0.2533811282553558
0.2041351877114098,-0.13456962849958823,-0.5708887247683762,0.09852153653748925,-1.4453743440563704,0.35214267524767734,0.9248706266155938,0.6870223791414612,-0.28137692165975386,-0.26005592591958687,1.0876389376448439,1.030658406700941,0.818353930069636,0.7200957475392319,0.8879023614232867,-0.028618342689981223,0.5920997361146666,-0.7043976179949336,-0.6771691854374324,-0.8347619196594679,-0.6835396586246016,-0.7291538594277598,-0.7905951182940806,-0.5859953870267388,-0.8759617643833533,-0.7827928976444691,-0.7580027209557655,-0.7161470183064136,-0.7937336611477012,-0.6570653751751283,-0.7393006041605643,-0.9398553989574846,-0.8206113126904133,-0.5599307218407383,-0.5816814771398199,-0.562995126422446,-0.598949505477303,-0.5816814771398198,-0.5629951264224459,-0.598949505477303,-0.8853943898645292,-0.030634184195498022,-0.035364743041920804,-0.36155504479852796,0.47917709132809316,-0.4195077200108695,-0.508249948942889
0.36409705609084986,0.43223222881390255,0.44410931287319005,0.4267053618590476,0.37453813037678496,0.5206994598218762,-0.9746120954736885,-0.8150118618320406,0.3375516958021557,0.23148059715558297,0.06370785610654685,0.1872037005308762,0.18425898770496818,0.6597069173341132,0.5573056528722962,0.5102194266932557,-1.0371138222641136,-0.6680984192440753,-0.6480701218327901,0.5977405838029601,-0.5884662092864433,-0.7664547497015219,-0.7630170425029575,-0.635951294105412,0.3056172060070719,-0.8056368502194902,-0.8762165799876745,-1.376198248099967,-0.12034892328788599,-0.48024004799118997,-0.450079068253857,-0.41806953425488064,-0.397106487476433,0.9101885682733235,-0.5618162614561242,-0.5058634937216632,-0.5833678890503669,-0.5618162614561241,-0.5058634937216632,-0.5833678890503669,0.5596054551619545,0.7644261312867258,-0.7420689291334782,-0.5266927917397766,-2.5755768658885,-0.4249134308729183,-0.5386514445444774
-0.18904211494085946,-0.43073636475348454,-0.5480805020141982,-0.2549071984241888,-1.1184689021950833,-0.09171067998686722,1.2597479824823676,0.6452219682210258,-0.4949412702060345,-0.4168957995512696,0.4138130916320466,0.36519973716116494,0.08818399643759428,0.2459837055439493,0.35464652045166195,-0.29915936478050714,0.7153482413123022,-0.6173791354732594,-0.7541777395123206,-0.7015715443429228,-0.6212816445081109,-0.44718561514684224,-0.6689853204220354,-1.3710465011236486,-0.6644827084453621,-0.707529576337782,-0.808698833490285,-0.29166736578040436,-0.7151395681798283,-0.9613391872663313,-0.7795037029397851,-0.7244214816129373,-0.7760270666450045,-0.5251545061288236,-0.5781294558648015,-0.5523241221988962,-0.5971151183096508,-0.5781294558648015,-0.5523241221988962,-0.5971151183096508,-0.8262073716926683,0.9015570497638077,1.1231011566667024,0.4614497155534228,0.47917709132809316,-0.43535068010674444,-0.49609940401435265
1.1788561053132325,3.619307279782553,3.2092248986118497,1.2881109371402109,1.9733950303346819,1.299748350011173,-3.890392651618832,-2.758141279640247,3.5658761057498434,3.6838608040306564,-0.5823969502641988,-0.5144759468890622,0.08818399643759428,-0.5591194849045446,-0.7596814941531355,2.208308368081576,-1.5234619219569525,-0.48654718251773155,-0.17057987874105202,1.1715964366638976,-0.5417233927285707,-1.2278390213347836,-0.6399437369526246,-1.72709961204244,-0.5260186692445661,-0.4863730999773173,-0.6990596169779953,-0.7239263325589316,-0.7480864272185748,-0.9613391872663313,-0.887145443912622,-0.8002714243756788,0.048830071530396424,-0.9619874645893963,-0.5601099304503159,-0.5227857980126989,-0.5849728699441252,-0.5601099304503158,-0.5227857980126989,-0.5849728699441252,0.6495782364186212,-0.7129106537622977,-0.8636781099695392,-0.6771137079810475,0.47917709132809316,-0.32878013410591733,-0.4624655746559127
-0.8019801152732942,-0.6940767386147074,-0.5030338781728569,-0.7524166371855755,-0.9102546851012062,-0.8988893796203875,0.16857652050833266,0.5696459366442135,-0.9548548828705659,-0.8855840474831882,-0.7691776634889074,-0.7819116161376044,-0.7700685243498291,-0.525608682958328,-0.5565544663000397,-0.7950976720362468,0.046600782509255555,-0.662955706629221,-0.6712643233455639,-0.4100653531611958,-0.7125893529852817,0.5502780057522079,-0.6537312295644143,0.5988976591215405,-0.0865970516069328,-0.5736464100122125,-0.5951543809723844,-0.33084907264276525,-0.4538133806979909,1.412987956228112,-0.656723240189978,-0.6081142055784856,-0.7374972504401615,0.16682413961678857,-0.5008337863391527,-0.47585691822693693,-0.5208767128303238,-0.5008337863391527,-0.47585691822693693,-0.5208767128303238,-0.438657896064798,0.3167530509217101,-0.05483602572797589,-0.05155572486561306,0.47917709132809316,-0.4096921550980186,-0.40902997943569996
0.40595623660135777,0.398676391701392,0.2244032182221662,0.30663810869262387,1.3635330754377706,0.5473450594664537,-0.753915894659348,-0.570816559595139,0.9448697778812407,0.7867647414722428,-0.0941417468080958,0.2297162184582565,0.4340539650001403,-0.2475483940537809,-0.29116184252496813,0.4427936415204557,0.2788337295296351,0.7462239134630302,0.47030582772473123,-0.2954441610693492,0.5793133999055022,-0.7771167494231319,0.7123578378323809,0.24247419304246182,-0.48885597363812533,0.5837668468555955,0.6575245320072651,0.6489687447351337,0.8840254234011259,-0.0045013865172160725,0.183725126206645,0.4383904747205998,0.34284373033571325,-0.5799005961226873,-0.23843878195145113,-0.2906746027416331,-0.18401754247870608,-0.23843878195145113,-0.2906746027416331,-0.18401754247870603,-0.6161834113861174,0.9731255034778982,3.08236214708847,2.585296024103489,0.47917709132809316,-0.40204988990609847,-0.198172032316821
0.08154758764492259,-0.01566524916612759,-0.4006732116678941,-0.009846856064000705,0.4150487091074115,0.2173612975200172,-0.12728792545193893,0.36796192140819606,0.050199352580445354,0.017758547120692726,0.28632742002519,0.5052325598141938,0.6262039475348882,0.039972428552989304,0.12332255417754548,-0.04052391595797681,0.620579135779998,-0.4353466358492943,-0.5527874586148174,-0.7301890408892122,-0.3773822461216911,-0.759223886036836,-0.4967438169466232,-1.2078857952842352,-0.7641983104144094,-0.6683544924908915,-0.6610529448839474,-0.36097895257787727,-0.5286223340719319,-0.14994235502312322,-0.05426674456536015,-0.2808104847875723,-0.5814286712845149,-0.18927549136607205,-0.5771818546762103,-0.565368177691003,-0.5946903367883658,-0.5771818546762102,-0.565368177691003,-0.5946903367883658,-0.6165730455337197,0.20658744880308058,1.4155232182714257,2.582848737970982,0.47917709132809316,-0.4095129477844813,-0.5109520250973234
-0.5837143883256467,-0.5904913283978275,-0.614042488602742,-0.58740113026967,-0.0511398439676126,-0.593440218403256,0.5615610921056218,0.7753918920986217,-0.6466259071385785,-0.6193160311593054,-0.2836756656047587,-0.30565542030715287,0.08818399643759428,-0.5228501293254982,-0.48389258296614396,-0.6389275465218515,0.5377656481861753,-0.38834462086596055,-0.4795910118042127,-0.7849398895009149,-0.46332721348800737,-0.5446749765957846,-0.3214225419685625,0.14369436182611642,-0.7268817586311744,-0.6170442393984936,-0.5533621978801183,0.39941338154262884,-0.2209932374689221,-0.9613391872663313,0.120936921200602,-0.09310247369942065,-0.5454308078748528,-0.22283774737409323,-0.5418189569227552,-0.49695267296398193,-0.565889885454658,-0.5418189569227552,-0.49695267296398193,-0.565889885454658,-0.5472472066456797,0.5059458546373448,0.6289052862873028,0.8332570857852725,0.47917709132809316,-0.4206324307932119,-0.43305067236806416
1.0801880369670358,0.5956345660574313,0.040460535881369844,0.917441776082841,1.0646336242516004,1.2115192625589504,0.26662653139090997,-0.33450859873064465,1.1760452840866424,1.02192828650665,0.8155570425735216,1.2444936527889863,0.8567839265765855,0.5506208556362361,0.600115626253373,0.821466462143077,0.20955309996804905,-0.572839092400694,-0.5453202277088639,-0.8289039554400977,-0.6791284044887295,-1.1135029676241524,-0.7096016043753647,-0.9978449525591125,-1.0576890276909243,-0.6155051191101706,-0.4948571781828517,-0.44806129306270387,-0.7873913234802707,-0.9613391872663313,-0.7811943040199338,-0.9330121233759638,-0.7958606754945595,-0.8708344052709391,-0.5916589336700925,-0.5731299645041326,-0.6039824597318418,-0.5916589336700924,-0.5731299645041327,-0.603982459731842,-0.2122619512080935,0.36701249466069724,-0.38210509490170746,-0.3143709731263985,0.47917709132809316,-0.4240837751524316,-0.5197899879940602
-1.013767635713363,-0.8796064756932974,1.3511838615962584,-0.8488809260543262,1.502152544070801,-1.2432133828514587,0.558652212661251,-1.5841482029099374,-0.1837665470951577,-0.40851187709422937,-1.9304762280362406,-2.1200173353397442,-2.7181196459333266,-1.6636576560752367,-1.7077037514960796,-0.5394230447944823,-1.8016230385830798,0.1182482729809378,-0.2253553401322903,3.128019024284169,0.12249134511979397,-0.39682291965826894,0.561744977167069,-0.15465361129495814,2.2274113897514454,1.5789123517682697,1.5718918903381287,-0.9526018825667013,0.0749382987538959,0.9881515646189323,-0.2655993132222083,-0.043946206341641224,1.0239182323272633,3.8866614505118426,-0.21167754278348924,0.3788215378887459,-0.5498901453546015,-0.21167754278348924,0.3788215378887459,-0.5498901453546016,0.07706424421038732,3.346413069881635,1.59363311726981,1.569892735097444,-3.084702525424599,-0.4246209189315859,-0.33070560892521644
-0.5014909980371495,-0.37091943772683544,0.7037845279997414,-0.3497295419504927,0.6067796769569399,-0.5180681102416268,-0.34473915906981034,-0.797297345756517,0.1295848054644253,-0.030260050411860744,-0.7520260012116486,-0.9962002396948191,-1.4375982627400479,-0.594305501317285,-0.8168750102462818,-0.12849523615038413,-1.20486304927158,0.9267177387705717,1.1004040288838206,3.9919666552963693,1.4406215939812226,3.1851555604448007,1.3966008718061778,1.4649770619974876,4.571427511437153,3.0298413425918467,2.796428316436252,0.18725515559938452,-0.4886384091266995,1.1742209336441998,0.5397140729731528,0.1756635570362849,2.5906189918354534,3.985140647383572,-0.20990101933407013,0.019696168992678145,-0.03965923002353714,-0.20990101933407007,0.019696168992678172,-0.039659230023537106,-0.09710416855836135,1.7606683007053168,0.7608680614803927,0.542204347853788,-2.066451206352401,-0.40547991000913985,-0.25677401037767733
-1.003801164163242,-0.8496169594333245,-0.43550484965745917,-0.9282416176059225,0.24934343104468173,-1.2237250112850053,0.22428195503477308,0.4720524786260886,-0.9447116972312029,-1.005225630256106,-1.3907292092752215,-1.3090283533294755,-1.3952154222073354,-1.1673278815511037,-1.2050252663805319,-0.9876493245922061,-0.16458108261069251,-0.08831381615303988,-0.6164627346314818,0.08092913056718846,-0.2763546888690643,1.2694044024289826,0.2186621784483663,0.8567622715225924,0.8064212593940797,-0.5006746311081021,-0.5012415312995343,1.5611441179820027,1.2654917422365863,1.1443514888857627,0.71122512271608,1.2371571948017137,-0.3729210537318738,0.7386327005382696,-0.26195959512173717,-0.16800824952803725,-0.2543244537122306,-0.26195959512173717,-0.1680082495280373,-0.25432445371223067,-0.3442694971220074,0.3057544346531118,-0.08384449905993877,0.08783691705478947,-0.029948568208005708,-0.3329052484338983,-0.11715133777714952
0.5305824331212782,0.8357643806511076,0.6640796896644379,0.435941304410311,1.3357307748747973,0.6637729727037759,-1.521712436939404,-1.001610102878448,1.241122208841361,1.2281645845096067,-0.051360073308976996,0.17159092475624121,0.3689723347949932,-0.3048518184272496,-0.25404314259252764,0.719418758266721,0.17432366832249285,1.083952289272049,1.9755992065770522,1.4617519952495488,1.0306000563762645,0.234536853263484,1.1683337697306693,0.6211175219760153,1.3078531281685075,2.1211570453778403,2.4786400803685025,-0.0916153442162124,0.37064701876905215,1.0514194761790965,-0.06264788795241366,-0.12536815504676826,1.585027161749478,0.30235370508874854,0.4412538949236058,-0.016259791093015594,0.37505364754423415,0.4412538949236057,-0.01625979109301552,0.37505364754423426,-0.14348151001246667,0.6464192168773092,0.3520575477851769,0.44828235367315905,0.47917709132809316,-0.4021413426996816,-0.15063983260938893
-0.16661755395308747,-0.259205594917484,-0.4901332980172102,-0.20617660629657064,-0.65218351483363,-0.18266463377186173,0.3546007646365153,0.6069652858467246,-0.3651030989986489,-0.347748411891788,0.07804238270486542,0.021831895865138853,-0.07142003109776328,0.002821030320566951,0.059275642036663495,-0.31210314553034096,0.4707926125802886,3.545560220500839,2.953266807581915,0.5374749647686565,3.404551083218852,1.8720181028205736,3.3080770144793354,1.2192892094351748,1.4903661684206806,2.3664675175889527,2.169170764691238,2.8869822282886344,3.2035178206545245,2.913677256433189,3.769178456866243,3.4856850590058674,2.826421261043748,0.8612899594443254,2.6944613823683983,3.0217497323565166,3.0071644951595977,2.6944613823683983,3.0217497323565166,3.0071644951595973,1.0625663447701743,-0.5791503086966241,-0.9347842167403032,-0.71858589879301,-1.0481998872802034,1.582298610581721,2.1868883015109897
0.36035962925955456,0.05655274809775353,-0.429141681897193,0.22659327324834133,-0.46106111217952045,0.4954702608961937,0.5244000827034082,0.47353049649178325,0.09181994550219637,0.1315803272186921,0.9213978281181417,0.9860131143463287,0.6646339440418377,0.5533842584675184,0.647998807479955,0.1307087246713069,0.7020930499318307,1.1341615724830838,0.9797177994871812,0.4829068723040709,1.0523156161282958,1.963766885383721,1.118607572333614,1.610839395949509,1.164550527462009,1.4486220699782757,1.6282954544474821,1.6243395158158802,1.137153943201601,8.590912839513149e-4,-0.27072204284420553,0.4410304156486238,1.0634267835657367,-0.11474503020310606,0.07328184700737549,0.7069052240530422,-0.1502653332526514,0.0732818470073755,0.7069052240530423,-0.15026533325265135,2.1802105365219777,-2.203285332053403,-1.0538776498804951,-0.7796681390724068,-2.5755768658885,0.17839064256357615,-0.07834485157094581
-0.8303845591911387,-0.6597914267823598,-0.3493158236632659,-0.7844345713632884,0.500754542875009,-0.9622849640089022,0.054348021904998135,0.40435067924057,-0.6289197843039891,-0.6528005185189573,-1.1367261979051755,-1.0439095245266874,-1.2468754803428423,-1.0482574509081108,-1.106886326828964,-0.7779883726633071,0.2995883991198677,0.333940702544938,0.9958641509559265,1.3432046834477276,0.412990473537053,0.7463712100663983,0.6308560566321474,2.9249945978982868,1.888530889447218,1.480096507177727,1.4851278530069933,0.37004736447154335,0.2786691952739652,1.3453293776472837,0.06760789797506228,0.2334543700159699,1.0030701133224234,0.6824858733067927,3.9851744198427244,4.049655416828443,3.6756319666251103,3.985174419842724,4.049655416828442,3.67563196662511,0.28999841814512445,0.4250655622435531,-0.6854255688985645,-0.5668392400722837,0.47917709132809316,2.5717411006624755,4.743947172460163
-0.5911892419882374,-0.6109166205532686,-0.6492751014934451,-0.6157246874268778,0.10226439436150331,-0.6038568765633127,0.6613330739242975,0.8494602389913839,-0.5856508265858963,-0.5695006258798179,-0.6046435875401527,-0.38085559081927084,0.08818399643759428,-0.5957756811202122,-0.5893396586421356,-0.6572288067436429,0.8933357609347873,-0.37249670003821356,-0.5912321283045862,-0.7383464030673902,-0.4584901539065779,0.7870347787305367,-0.29318712693377386,-0.9512168776218553,-0.6252109751187286,-0.1298315157472748,-0.02377913108152675,-0.7497303365758903,-0.37866699713474267,-0.9613391872663313,-0.5127501997797674,-0.37156838965504174,-0.4544143473884221,-0.8977332410780098,2.0078958763383206,2.038606983937559,1.5313082008676606,2.00789587633832,2.038606983937559,1.5313082008676604,2.2424204612736056,-2.313385792073097,-1.0578705263026396,-0.7820704087861645,0.47917709132809316,3.3368656257781186,2.4540657493624867
-0.3205115999476012,-0.40988196982166847,-0.5975834368922851,-0.3659558253346732,-0.3554192362268072,-0.30547967410958626,0.6436087774008816,0.8007384369967605,-0.46782061498372995,-0.4487693634749859,0.016219425560691683,0.02143485613682293,-5.604657698841442e-4,-0.20699816357563533,-0.1348929855458084,-0.4394356571017947,0.75318804275219,1.474159635727501,1.221218823839581,0.3209443684459624,1.3793746841640742,0.5458763171564527,1.7586030488558693,0.6637139815246201,0.9232958051166225,1.2205653240608194,1.3480619435344938,2.05270345923888,1.8892316815236463,0.7059045873975492,1.7689756386305804,1.815735923547875,1.4472924147734496,-0.0382149947604107,2.0031828996832766,1.432017061197987,1.829081790039816,2.0031828996832766,1.4320170611979872,1.829081790039816,2.087996837841687,-2.00677756505691,-1.0474256149062366,-0.7749320622010992,0.47917709132809316,4.161331291526411,3.1209837413027355
-0.5901925948332252,-0.5805218405600525,-0.3966368568788744,-0.5738550811944838,0.5509386962543922,-0.6006072207188006,0.4147309198718143,0.36128651897221037,-0.4726419405626742,-0.45928599214483035,-0.5882664022603326,-0.5396650589053716,0.08818399643759428,-0.6555018353528403,-0.7227776493886088,-0.5678703743660395,0.22217825840320146,-0.5115092584926186,-0.7832511969531026,-0.6835888100798764,-0.607877007194391,-0.4402528146310235,-0.484172624480431,0.11458827940405444,-0.7052635303098436,-0.3784883749276979,-0.3669149133611309,0.154062899464906,-0.35781090444834773,-0.9613391872663313,-0.2988945938275768,-0.41763642862339856,-0.6646924019821694,-0.8286784186759092,-0.2831679360148569,-0.08158735442210756,-0.3848503462593751,-0.2831679360148569,-0.08158735442210757,-0.3848503462593751,2.1648111318374736,-2.156372977860488,-1.0528267284764867,-0.7785723537766879,-1.5573255468163023,-0.027115449568838046,-0.23844314452429036
-0.31760959793741883,-0.521191230013295,-0.7263927618602581,-0.37559018109403025,-1.2263856310391115,-0.28020532343532994,1.4540730801794453,1.0407701788050854,-0.5765426330390908,-0.5664041715645618,0.16471830482526317,0.20988943550996436,0.24190398246539252,-0.1811703094217597,0.06544271529944984,-0.4775198108827692,0.9061362449792496,1.1170885211617576,0.6333696703778754,-0.18107682731136332,1.0325212928138325,1.3176012149485807,1.2033764530523758,-0.2684568539799944,0.3794332886768539,1.1903588671552505,0.9622163591303609,-0.39770236666318914,0.7166746609002115,-0.14994235502312322,0.0696265647348364,-0.10759857937617158,0.9478829065958152,-0.522926614228736,-0.1514619878880596,-0.4214794240708516,-0.16380974672843912,-0.15146198788805962,-0.4214794240708516,-0.16380974672843912,-0.7277877178748028,0.3508360342027738,0.11190665099366098,-0.21081829015147505,0.47917709132809316,-0.2841170981070692,-0.3471130152959415
-0.5597948566053564,-0.6473903565451277,-0.6850006785591493,-0.5849382122559998,-2.1666798011205253,-0.5585618556264513,1.2173527842241263,0.9350268203564751,-0.8717701777346336,-0.7782304343808939,0.012538173835504773,-0.17340183995834965,0.08818399643759428,-0.17833625079219487,0.03220765249519277,-0.6431777039477137,0.8543435305671073,-0.6614804064522006,-0.5964202005835381,-0.48457119058159936,-0.6267883395283591,0.44422204735240184,-0.6851596868107562,0.5357319779651878,-0.10901125444879692,-0.6119499255122026,-0.5614045880836437,-0.6623822048371502,-0.6009253524498431,-0.9613391872663313,-0.42491960777659593,-0.8307521559996969,-0.6698359176601454,0.03753656149423475,-0.5565616168221965,-0.5215186134399469,-0.5717782426775567,-0.5565616168221965,-0.5215186134399469,-0.5717782426775568,-0.2629934681556902,-0.5324778095608496,-0.6355203866914739,-0.6600893250836132,0.47917709132809316,-0.37721561883194266,-0.46102269423328174
-0.6161766099460404,-0.644264036317254,-0.6183317216912034,-0.6222338278915777,-0.5225275309252115,-0.6791256558494502,0.8307591731537831,0.8265411488039031,-0.7243047627137205,-0.7297451471644005,-0.4377920454227569,-0.4310693966579954,-0.7291993566932856,-0.5745159912742829,-0.48143476624933723,-0.689429421425854,0.7054751710175318,0.8705064515369711,0.3376611298997727,0.07872230741746881,0.7486609476397165,1.8805883032086472,1.3847223428726554,-0.06952686444481708,0.6509811275061959,0.6207987527556009,0.6154367204652342,2.3140731120037477,2.1362642963772287,1.4910067261707878,2.0545461693549387,2.4580363812115653,0.8660937591452144,0.13648751348405277,4.509661061202978,2.231960965731687,4.092427058844138,4.509661061202978,2.231960965731687,4.092427058844138,-0.14016266240986,0.24173089929360092,-0.2386547455339042,-0.12937808230401882,-0.029948568208005708,1.0460151435173828,3.834579545485171
-0.8258996469935842,-0.5839260559192928,0.1821191509643881,-0.7339447520830488,0.6031626601561714,-0.9729697875910067,-0.8656675508158054,-0.3965855176422797,-0.5474796689162993,-0.6072231614513995,-1.2998109857060784,-1.3140112655354108,-1.572459635499878,-1.028326568078265,-1.0410860573239495,-0.6470258626837831,-0.7182071839452174,0.8186952656964916,0.16349011722208334,1.6144364465398238,0.7004937027303966,1.1449331350042082,1.1755346175391141,2.7227276754225374,2.036907236408686,0.7354888814507677,0.601627075214365,2.361214663862663,2.021184118594711,1.4698473317995409,1.3484294999180972,1.7309875747138703,0.7451603106084154,2.3594678134027802,1.6066963002658645,0.4885832274781941,1.5758032583014676,1.6066963002658643,0.488583227478194,1.5758032583014676,0.37264323206758376,0.0814964573356793,-0.7118676740243919,-0.546028020726326,-0.029948568208005708,0.5118884850621745,0.5129429995827414
-0.5085921090166104,-0.5981508129561178,-0.753907015264514,-0.5353719872308864,-1.9999782053767265,-0.4931302318935895,1.0116474870325256,1.0829470551156068,-0.8336597960513901,-0.7858565769914077,0.10508613180986474,-0.014604504471586715,0.08818399643759428,-0.10029996353632029,0.0336958896695709,-0.6296492493211345,0.7313000327320656,-0.36640227307676987,-0.7444810270682163,-0.5435915769606137,-0.5528600958240251,0.9711231530783243,-0.32237535531490175,0.49072693497211567,-0.17222683851362366,-0.41047140177435937,-0.3034899010076798,-0.15532470202480983,0.0662028396768568,-0.9613391872663313,-0.4892251488679509,-0.30991411895712473,-0.660289556786775,0.4114132967415817,0.23685148048620305,1.0993450252095698,-0.21473702607652553,0.23685148048620294,1.0993450252095696,-0.2147370260765256,1.7956775799127989,-1.6603282750866044,-1.0247710369542398,-0.7648687369462323,-0.5390742277441045,1.2987570005403601,0.9465849791324009
0.2930859462962385,-0.06836979767436399,-0.522483079340631,0.17425626545784892,-1.0719504875035313,0.39216801112955474,0.8903445790131975,0.6445056773188699,-0.08278694106984617,-0.1035338269964395,0.8897840928157649,0.952928264582423,0.9066033471378065,0.524225343746736,0.6815297913737508,0.032953401118703346,0.7150119487532655,2.361361261027478,1.4206089666741883,0.2130746683710856,2.2726937564117033,2.2958429247304943,2.0885234916688065,1.167827885195232,0.9794428139129024,1.9884631083114572,1.7924312466463814,0.25315855530949305,1.7915513189759018,1.9760613406505527,1.2799824520043874,0.999275652982413,1.8353422133670172,-0.07820341180841345,0.3256098604426811,0.2699912526055545,0.624808016500657,0.325609860442681,0.26999125260555457,0.6248080165006569,0.6846117127074901,0.12535887806423152,-0.7750715033765891,-0.5500761755120338,-0.5390742277441045,-0.15568393679299702,0.21209509470687898
3.5199802724366296,2.9080694279413,1.1431518551386983,3.4825708873203864,0.3102139265696017,3.089477570566759,-0.7458510773140451,-1.4855756301336704,2.298349047470306,2.484236854336423,2.4943259521786842,2.684252285085947,2.897134270908948,3.39171841140189,3.2221026563006356,2.771573715240233,-1.1653387618410076,0.35547874893546944,0.4538358492869332,1.2715733570222154,0.1989402740107793,0.21813054161659368,-0.1889054007621896,-0.8073690900891662,0.5043814189946952,0.28354600731760216,0.5907808362821066,0.8262096792414881,0.900851279257921,-0.3716205437034861,0.14944758612292475,0.6561274609596007,0.301969405015097,1.0518677235019558,0.20515031494234387,0.06491134225895216,0.21540334979827072,0.20515031494234384,0.06491134225895218,0.21540334979827072,0.27042105671407923,-0.48811996238311195,-0.756355931905382,-0.6080166915401007,0.47917709132809316,0.04808384992238829,0.20671610287393036
0.3177529633827878,0.10907492792603059,-0.1624471172528832,0.24137078133036258,0.1310638575184136,0.4564177868052911,0.1894249363139315,0.04796431324065954,0.20984247449676383,0.20725919619348337,0.6970351818142185,0.6639451252136889,0.4724839615070899,0.4521425775682955,0.4620470928684498,0.22457498785783525,0.29131893685289295,0.8865977272267523,1.0803292532621653,0.7992770731159494,1.129687006660348,0.8267144794608302,0.6747104065664831,0.6112976419839257,1.3564675316857737,0.8999624958501827,0.9479513299866995,0.3090266057964795,-0.11414301931116844,-0.05416995045442804,0.8689883472119705,0.7095240896540639,1.0863708323277483,0.5813585916307763,-0.14435320351333966,-0.10910798714061047,-0.07266568897704817,-0.1443532035133397,-0.10910798714061049,-0.07266568897704817,-0.40978696583162594,0.4227863868119163,-0.27295578379630997,-0.3388692313846701,0.47917709132809316,-0.20970898145551461,0.008568896106188007
0.5572630112662194,0.2945918672025183,-0.3366756692999339,0.4430708039235668,-0.3815141761138712,0.5721821880558264,0.10739711862416666,0.30418997465558995,0.11660611526987343,0.1171271388760901,0.7868482175300106,0.9143120371216761,0.8766333508633772,0.6347958149110473,0.782966551336369,0.24687361963987214,0.45033514598006297,4.8841905983918625,4.023101948986546,0.27115802035240083,4.774257805399162,0.8988061594647547,3.938190228205394,0.8131327462091005,0.7566246903953232,2.378957170984712,2.635762196180447,3.4248210572261937,3.745373570921804,2.065280711469933,4.73400192825852,4.577611301405358,3.4027939909072944,-0.15546382171490958,1.3183938156255173,1.1957872212759424,1.1081658665385796,1.3183938156255173,1.1957872212759426,1.1081658665385798,0.9914493033230483,-0.2897238843652824,-0.8840980024346601,-0.6449549141388919,-0.029948568208005708,1.1596428535194245,1.1671981404782792
-0.3549838662503722,-0.3344457017349763,-0.18687388859141388,-0.37928455811453554,0.7729382280375653,-0.2962386199667013,-0.10384428001056976,0.04351579565911231,-0.13152467925238812,-0.052187052417194985,-0.06087814571149289,-0.27506918908447303,0.08818399643759428,-0.3842733317606146,-0.5194052295240229,-0.29419403084533385,0.44734747155073823,-0.3667007101349428,-0.3292130639026963,0.2326241714196733,-0.38226687886581395,-0.6396586432271046,-0.3244485014265584,-0.19777240804955232,0.43018328818182955,-0.081139937018805,0.1620587238374279,-0.19468580250931383,-0.49096228870970066,-0.9613391872663313,-0.42068252401844797,-0.5808037231795448,-0.1650059987813078,-0.1743035054600933,-0.20752029541258932,-0.3043642538476589,-0.1377290306134918,-0.20752029541258935,-0.30436425384765886,-0.13772903061349187,-0.189609324884197,1.0243037293879487,2.4184090152854605,3.7568127030494587,0.47917709132809316,-0.41232294179956613,-0.21375976120672882
-0.5318175471825172,-0.5760060446753462,-0.6528257577775849,-0.5421889924472951,-1.0401854334860312,-0.5546176452794376,0.6926596674189092,0.8671662860262422,-0.7086778352291684,-0.7087912643325555,-0.15058681584077657,-0.24659798500586982,-0.3205076801278453,-0.34197052381774207,-0.28697153564620487,-0.6228223986064972,0.5001346455944541,0.881198002943135,0.2850307786050005,-0.45691143775741144,0.6729889401528165,2.5018380657846975,1.1957776388861612,0.2630225923278118,-0.07963891523721178,0.9614376224317355,0.9169457039968851,0.48162870900074706,1.3202479382895178,0.9172371067073823,0.4025963584583489,0.5664189751718757,0.7378145801091286,-0.6306775666343801,2.2776494207723057,2.7785152288750474,2.161650281601474,2.2776494207723053,2.778515228875047,2.1616502816014735,2.0878328503579073,-2.109804268350501,-1.047671722115445,-0.7773764282401002,-1.0481998872802034,2.7001152928276326,2.002248899207471
-0.8449605238331904,-0.779607649515617,-0.7268448974623779,-0.8216862063200507,-0.4211126036854171,-0.9655252902039397,0.7375187021358331,1.0290086312212796,-0.9540727724084948,-0.9439281246557452,-0.7504054996192497,-0.7279882032903401,-0.15021948155891204,-0.8214708737432733,-0.7525743709392446,-0.9090207060927753,0.6418800791050041,-0.4597408311623975,-0.5420138173027119,-0.42578224049469743,-0.532748758262795,-0.2236586250058968,-0.336268031593174,1.4765406922520397,0.07987767673821376,-0.5762939823140073,-0.6046778331335024,-0.18381651423569983,-0.14925879162117436,0.7269693283091324,-0.20722652858660445,-0.1763206252465094,-0.5615517799229177,0.23042824033032308,0.5058871993213668,0.3137759434985101,0.5684842427503953,0.5058871993213668,0.31377594349851007,0.5684842427503954,2.1347595693892107,-2.2207780335723464,-1.0509219772159042,-0.7800267782118818,-0.5390742277441045,0.5764177318552898,0.2508715657568623
-0.7907678347794082,-0.672921971739429,-0.5955340831655563,-0.7462593421514,-0.4210675372847981,-0.9151500454865181,0.06425105696922223,0.7540503589929665,-0.9168007309285072,-0.9028550338328248,-0.5881654842449946,-0.6969243950393335,-0.8654299155484324,-0.7126015793268816,-0.6964227243172533,-0.8346356841668237,0.069059999867679,0.651682154341095,0.3557843625333834,-0.296236031268907,0.49826141771205357,0.6950539140760913,1.219024261288773,0.8673892595764903,0.2043369572016649,-0.004863238270191932,0.046960816081619935,2.1929802989905927,2.077327564984355,1.79565707377073,1.6744445611413639,2.154079389632569,0.5418570589586075,0.20992904165222687,1.0624366525210993,1.3418018112963537,1.9061007427492673,1.0624366525210993,1.3418018112963541,1.906100742749268,2.125589352412799,-1.9094233414217028,-1.049840355117613,-0.7726769621696312,-2.5755768658885,0.41445481354793606,0.1626302665049329
-0.6861198835031388,-0.6875114661361728,-0.806837415845487,-0.7062369244292587,-0.8024069362171906,-0.7346489540512289,0.7810150004025785,1.196521505190924,-0.8632666196488307,-0.8433488291553276,-0.24775714843855162,-0.3494817755381848,0.08818399643759428,-0.539383232126255,-0.43449988439911214,-0.7953360642060171,1.0633033492843356,-0.36347817837106133,-0.7063667306228583,-0.6773811881912766,-0.44449410948250934,0.45914011878152744,-0.2592672964854102,-0.7458719466889975,-0.4096917388103555,-0.8191940463479289,-0.8136221212656237,0.260151726428028,0.13853692182010446,-0.9613391872663313,0.3055240733331524,0.3844369733097845,-0.6282543174864131,-0.03474833638024935,2.4121151966222456,3.950129868211749,2.7892997814840697,2.4121151966222456,3.950129868211749,2.78929978148407,2.253348918742651,-2.3200365286307965,-1.0585541890338293,-0.7822125239190477,-2.5755768658885,1.7274423123501441,1.1526216668759943
-0.8692537982366101,-0.8334064101036093,-0.8496782916969329,-0.8529857894104433,-0.7159376385454671,-1.0061855192050457,1.1588978254280333,1.2907371637519298,-1.0246492215700913,-1.0192824432104501,-0.6005474838640331,-0.6951427883038359,-0.5475586115530899,-0.8096096362228647,-0.7429030031210392,-0.9719915418967227,0.8713917474459443,-0.1751657592117531,-0.3828875188499745,-0.8992744686270822,-0.24170838127305166,0.7900022888912811,0.0911909883018422,-0.29046822445543596,-0.8888987382607977,-0.6805151908410924,-0.5278417933206501,-0.21054153062907063,0.3782875283213222,1.79565707377073,1.1978872384612975,0.9444893273654896,-0.2652934529654672,-0.5842855534156236,0.49141828785742775,1.2419088261313767,1.0639403705908,0.49141828785742775,1.2419088261313769,1.0639403705908002,2.1968316722205516,-2.170955765262947,-1.0549361293296178,-0.7789618979618107,-3.084702525424599,0.13557352997246086,-0.112315648131646
0.63618172940915,0.08573173689124083,-0.554998448640717,0.45071881249233225,-1.6890509545776575,0.793844500316481,1.2145890499384602,0.6566438454529134,-0.032172467137572484,0.06748067094930246,1.6411571326880716,1.58543691684952,1.0496466790823473,1.098890660911347,1.417984870218248,0.2570839397853162,0.812763840747914,-0.47291468038584067,-0.3792717718591947,-0.794595417805093,-0.4912892786391792,0.3240061661258087,-0.5977393071770144,0.36019314292174115,-0.7886972994579445,-0.5445279162425121,-0.5790953198255521,-0.10896219945923993,-0.7322493789110432,0.5656733094617945,-0.3392200457273523,-0.5847208029622969,-0.697232380207077,-0.5705793640860577,-0.2785973946638679,-0.255384043987898,-0.20639047345720504,-0.2785973946638679,-0.255384043987898,-0.20639047345720501,-0.6697468845683967,0.7292886562780505,0.007179869210717726,-0.3520722511146504,0.47917709132809316,-0.352259427770322,-0.15798841785023698
-0.2174465588587041,-0.07840007507212525,0.11018492446906629,-0.23397239530799194,1.1932625339893372,-0.13375133178125928,-0.8566714397775785,-0.40531988745748243,0.22800909809731254,0.15474450886046004,-0.6654018817766957,-0.40899057973002784,-0.10253878595961106,-0.6012974232391596,-0.6583509449786149,-0.0805796140581001,0.12309535887540889,0.08610813153334232,-0.03253631408087659,0.034248974994231775,-0.047837908277893984,-0.8211024732166587,0.15485498503939232,0.5583311701299235,0.11761122149105685,-0.1685864583677631,-0.1704092131954995,0.4026556262472428,0.6731612676861883,0.5487298558610685,-0.0858337540782847,0.18599583242979806,-0.2281490587087757,0.43688059361795567,-0.44950041700603816,-0.44547542687873826,-0.4820186494417766,-0.44950041700603816,-0.4454754268787382,-0.4820186494417766,-0.6904074866021398,0.646036680497665,0.1569226846066325,-0.21208298064797382,0.47917709132809316,-0.4041205556329874,-0.3744360773165769
-0.8557990616439468,-0.7750484325166346,-0.6172839108895727,-0.8201468825615069,0.05219871534190631,-0.98578766407026,0.54373589279835155,0.7855300789285157,-0.8771507966386232,-0.8458226055517173,-0.8654616282221527,-0.8773838650338727,-0.8654299155484324,-0.8389738739814911,-0.8924925092645165,-0.8856095028361181,0.4103597609450268,-0.2553938760474407,-0.5937313179290401,-0.6534007564973514,-0.35755791664589504,-0.5900368049710252,-0.055958006881288165,-0.20431976742378255,-0.5356102775329219,-0.37086935074858407,-0.28997132592859437,-0.21384613063041316,0.18057480530156644,1.555442551279335,-0.24205942743449627,-0.061735997589927656,-0.38451544471368404,-0.13196278132362754,-0.5138590401752637,-0.48517678753327415,-0.5279319052456296,-0.5138590401752637,-0.48517678753327415,-0.5279319052456296,-0.46160723414634125,0.3955566799686957,-0.30880504526307423,-0.45621444144982887,0.47917709132809316,-0.3988903805650315,-0.4196420538349234
0.848716735215478,1.0243225430817493,0.516439689503128,0.8484800717000747,0.6540229210421736,0.9038127940797515,-1.3031148477690035,-0.8370462032207768,0.9504314095468225,0.8643224052742687,0.7498666026232795,0.5950795990720624,0.41081263422474523,0.8339087821259109,0.5949982317234789,0.8550279286914498,-0.683024467528335,3.178076010508823,3.690890775114228,1.3622314863019866,3.239233084581061,0.6981368336381962,3.189792397001076,0.5513477783155037,1.4364712062163214,3.293641455761295,3.406816461920586,2.7106279621267118,2.4602818785011324,1.646497656661958,3.026237923345334,2.5035238383079474,3.299998421176024,0.18806962265577978,0.8658144352789169,-0.0523440846777613,0.7104620929610452,0.8658144352789169,-0.052344084677761304,0.7104620929610452,-0.045376404020447,0.7952495160187733,-0.34760805678864276,-0.31827002069908855,0.47917709132809316,-0.391036812095,-0.2632200724960524
2.9802958379975832,2.5965837225708235,0.8201810650771109,2.845906580786632,0.5890940460720632,2.7156449815217396,-0.8799514821827613,-1.2211620456345784,2.089807589439964,2.3008658889947142,2.6846005530818395,2.4790992868151824,2.8133421564528867,3.0863207735650815,2.5595890200566553,2.315684088474354,-0.7063520851316717,0.6708608641803261,1.965175814802541,0.37107493912665146,0.9992265536482509,-0.6828806509705316,0.05506431731906465,0.2744598748913924,-0.10984443808214951,0.18479626451156655,0.4681688236336501,-0.3385093788935321,-0.32506109182809156,-0.7401946959302649,1.0205576799213611,0.765880218850787,0.6721700497845277,0.1970880022713327,-0.3871754301110117,-0.40525424909273555,-0.3954479751049348,-0.3871754301110117,-0.40525424909273555,-0.39544797510493473,-0.02096597021861845,0.12253297740393773,-0.6232456457269487,-0.5864088278194327,0.47917709132809316,-0.32540433867710794,-0.32863821073069854
-0.5984979877916593,-0.616185049085426,-0.6509989848269877,-0.6012208369019308,-1.3070028015211352,-0.6157569007884857,0.6480124318829589,0.8612687036231478,-0.8471963852204075,-0.8196079078900158,-0.10296577763025959,-0.26771709128294147,-0.1237302062259669,-0.26148412350314465,-0.192514916085036,-0.6686130629322954,0.5264326608536138,-0.22060645676269278,-0.6341984934047984,-0.4905716272941564,-0.3868398869561905,0.19953583843042494,-0.1222736475164061,-0.22202415934370656,-0.2403956371697553,-0.5024792782207989,-0.48422947377348846,0.28585079212643305,0.4317357268652888,0.6304133461982078,-0.45162248630779,0.07997587937401505,-0.5877549646587761,0.10527840493218756,-0.4833553087528601,-0.4360961876719401,-0.5266881631194766,-0.48335530875286015,-0.43609618767194003,-0.5266881631194765,-0.7795656782562097,0.3150282926577628,0.06891830618989281,-0.24169843701006424,-0.029948568208005708,-0.4029590197577688,-0.38849220954314473
-0.1681125246856055,-0.3140204095795353,-0.5364733678904666,-0.23274093630115672,-1.899704754617794,-0.08943932278052513,0.5168048462094523,0.6700833560867274,-0.57402751895847,-0.5495821938744618,0.4828519429280723,0.3732426769323275,0.20490118609598543,0.35100336233626755,0.48907642017735636,-0.3024898375470304,0.6274828543832233,0.6956243198325829,0.13659513181840682,0.24119852428891173,0.48601942095395706,0.834820565692489,0.8777013271795646,-0.5012305658722207,0.7978174034860163,0.07243735557679278,0.07663453963935994,2.0837015533721095,2.2277840055774534,1.059724699926395,1.054491249767343,1.1297798259668486,0.06845110736854723,0.06622660725145643,1.9159582172551277,0.9193445475876081,1.8429502934625526,1.9159582172551277,0.9193445475876081,1.8429502934625528,2.132406917092824,-2.1802094431784735,-1.0507269215069117,-0.7791006174747352,0.47917709132809316,1.687220993028983,1.17961695009388
-0.28301170384199936,-0.4170847664251028,-0.6970389022308737,-0.34163709704843337,-1.628253533634212,-0.21572586058574672,0.7303194303288473,0.9472216386338782,-0.6403570815365331,-0.6079326726432452,0.4744192270526241,0.32140647302290853,0.08818399643759428,0.198370809145887,0.299080236533123,-0.4342297929943708,0.7800224548382132,0.13543559937363933,-0.19761582553386678,-0.8689662774106864,0.029657104066050027,0.2735138793895103,0.2831940393961417,-0.6140450756518449,-0.8843017193679841,-0.31559351971114996,-0.23200878168947886,1.0458799923830375,0.5462539706159604,-0.9613391872663313,0.5648474350260939,0.7436237752616317,-0.08649453314492472,-0.8773895042277606,0.8800514995917109,0.4111664910210394,1.0803568613738428,0.8800514995917109,0.41116649102103947,1.0803568613738428,-0.5030614509555512,0.7920725723565606,0.6039834482198623,0.20418458029480333,-0.029948568208005708,0.9358259038336689,1.062390371126971
-0.06645451487437248,-0.32204463149774426,-0.6433030170005912,-0.14653880582269882,-2.0517234851005033,0.049328201738363,1.0212551028840142,0.843066208601793,-0.5145925111879942,-0.46539608854032843,0.8563481865632797,0.6923806032249689,0.3571939719862412,0.5068847810344145,0.6377007117277269,-0.25048766454890586,0.678252087200935,-0.3157292755605628,-0.5779787042921551,-0.5502278552202137,-0.43972370067057276,1.2767153474964437,-0.32920027425082615,-0.7687638068477883,-0.3372271694449714,-0.557458358183955,-0.5773253106815113,0.39587094069681805,-0.019196139194827107,-0.048517750992722264,-0.009898309840792388,0.0877759006709299,-0.5789334463138813,-0.731499011851298,0.7144645544277595,0.2978619890301172,0.6668142034058757,0.7144645544277595,0.29786198903011724,0.6668142034058757,0.6033504332647006,-0.020105201043753608,-0.7617949404409915,-0.5386393124421582,0.47917709132809316,0.5546404630117918,0.4719654871332017
0.05613308519211449,-0.12435698242186784,-0.48272738673395404,-0.051716462296394705,-0.26798302331082274,0.18989292286770684,0.32793146242711385,0.5161656719137788,-0.17051873518855074,-0.00198565140857985,0.7679503987790214,0.6640432035102424,0.549343954520989,0.28283698055358275,0.38706590912289407,-0.09284628438588273,0.825276756264996,-0.5632545318918398,-0.564118305609199,-0.8489463973198337,-0.5572888426416666,-0.6028683578625743,-0.6321193531464337,-0.8102806835177034,-0.9425786039446418,-0.6371709499893995,-0.6659917136569127,-0.9917468126904282,-0.8525894296743298,0.03241492168691932,-0.3123107365890514,-0.5796177903300671,-0.6989133750052737,-0.8553195034422041,-0.3312561828486904,-0.4006667902569323,-0.3032465379345884,-0.3312561828486904,-0.40066679025693236,-0.3032465379345884,-0.637434668813081,0.7491366279562248,0.1657586589627731,-0.20185501028417768,0.47917709132809316,-0.38932166649227745,-0.3234146981610731
0.22805471943169983,-0.06454005539521875,-0.5908625517932776,0.12438217568102661,-2.0857596088900348,0.37675076708687727,0.6263724036461462,0.7276333590410544,-0.33134531253347144,-0.22312760951086522,1.22912394708031,1.1080238092363983,0.7799239335626864,0.7913056016183347,1.035256953633321,-0.021868576286660786,0.5394823289208004,-0.45464675602879245,-0.544472513289772,-0.8084470213920448,-0.5155312100510796,0.05500914803262719,-0.5382354210672763,-0.3678275441251081,-0.807913657454391,-0.6084706820578318,-0.41945096880038607,-0.5667586568065727,-0.6133437407033364,-0.3527915630839253,-0.8110915644047425,-0.5299521138260217,-0.6412564116956541,-0.4249940078484922,-0.38087083123785764,-0.3910259110066209,-0.3355074938846368,-0.3808708312378576,-0.3910259110066209,-0.33550749388463685,-0.03384766632564906,0.46628313590062054,-0.4469519087014135,-0.3448665938938976,0.47917709132809316,-0.3487052728944919,-0.3124371056095694
0.22057986576910915,-0.19292760608656284,-0.6143167957292335,0.08743840547597315,-1.9611284184747428,0.3685520636618057,1.3433050684529817,0.7752474610863758,-0.321160164851088,-0.21810383927326468,1.2664389726998722,1.1421562923077495,0.5109139580140395,0.6880454140208263,0.9979533494778929,-0.03838540404030562,0.8428715681880341,-0.41658862028802374,-0.6833417062435728,-0.8062135217557409,-0.5656452739116801,0.49546097044702725,-0.5007946989723229,0.48865698556287357,-0.7912760188300907,-0.7236098716559906,-0.6654025653718457,0.38848594248687945,-0.22773043527184497,-0.0045013865172160725,-0.49850354122901835,-0.07321030273171801,-0.7701123643659538,-0.595527225788951,-0.37839341819127986,-0.36253222854956363,-0.37036259192627585,-0.37839341819127986,-0.36253222854956363,-0.3703625919262759,-0.20659020748350104,-0.12669828668534716,-0.5853912289220182,-0.5867732462659132,0.47917709132809316,-0.31778119878664546,-0.2799927581403905
-0.7496561396351594,-0.672921971739429,-0.4431919897802354,-0.7302503750625435,0.737248759753025,-0.8323274803207603,0.3049785163561368,0.45126462018119856,-0.5591375540708506,-0.5922177583045454,-0.8742511913852073,-0.85595559228306894,-0.5793457419526244,-0.9537968405060323,-1.0159744404620188,-0.729875260031258,0.4779494674390179,-0.1032694152233526,-0.2807970801328463,-0.5475670359457282,-0.19842664580621389,-0.4603710300102148,0.15881272779985747,-0.3812047806794411,-0.3832230528773908,0.08263466415832792,0.10635159195349883,0.3085927857794373,0.09672542198178746,1.3037643774247685,-0.20617301778549577,-0.13691804137837466,-0.06168097935142478,-0.2622529309812299,-0.28176197686288973,-0.28814360308531417,-0.2113249527800738,-0.28176197686288973,-0.28814360308531417,-0.21132495278007382,-0.2810390899099615,0.39377397465120617,-0.4477849704348984,-0.49190358332565043,0.47917709132809316,-0.3236828986807139,-0.19529010814230466
0.015768875414124636,-0.2097055246428181,-0.37044644025613377,-0.060336675344240726,0.23039376397164743,0.14389288673849854,0.6811554090003415,0.3201014497315549,-0.049534397427454316,-0.04988544343375843,0.21411300561018537,0.4521735861126086,0.08818399643759428,0.06169301254810884,0.14277274029055925,-0.07510361176364264,0.530248639183371,-0.41265319025416175,-0.3680516712684022,-0.5286781180881102,-0.4182595437734861,-0.4698245435726808,-0.4766262975287552,0.4513071103120614,-0.43523184174072416,-0.27656178517795565,-0.2652236603095617,-0.6727601032659274,-0.918137978873494,-0.9613391872663313,-0.09929390146449871,-0.581035006062967,-0.44001616018822587,-0.6588619413231639,-0.251148070993373,-0.25801759189540646,-0.2006758280906534,-0.251148070993373,-0.2580175918954064,-0.2006758280906534,-0.09942470085685028,-0.08108554531031249,-0.5933078882693369,-0.5155202106397675,0.47917709132809316,-0.2247900825387338,-0.16098710864833607
-0.003665744108610844,-0.19292760608656284,-0.5688185516586634,-0.0935860685287887,-0.33649196567279827,0.12218915699037995,0.476441068592311,0.685663799742458,-0.23423099239414477,-0.221826511934267,0.6025131892739346,0.61991654405429375,0.3571939719862412,0.2550254679259617,0.32355736684130043,-0.17200411190704726,0.712533417577078,-0.44465338929922676,-0.5580428424222943,-0.7199948386801458,-0.4629311995556571,-0.4061944931861145,-0.5085286544457475,-1.017002167987898,-0.6849460956614363,-0.40449654995666595,-0.3683986443726879,-0.5602962161073727,-0.6462935589528765,-0.048517750992722264,-0.5548587857305193,-0.6733112112110556,-0.5587509202816998,-0.7094852733319577,-0.23308246951773942,-0.236334789775967,-0.17094893794729732,-0.2330824695177394,-0.23633478977596697,-0.17094893794729732,-0.806893977184202,0.23443993773916103,0.004903581435657273,-0.3593433637305896,0.47917709132809316,-0.3512331106549402,-0.13629797388561235
-0.6166037444410455,-0.46939852490485506,-0.18853323516278464,-0.5947898843106808,0.4643587713134174,-0.6452386594622868,-0.3619056448083271,0.06674602043305093,-0.447988690389973,-0.4716944236259726,-0.8033578200266793,-0.7193926113208635,-0.29326156835681644,-0.7911500245354056,-0.7524818945698933,-0.5229697080173386,0.23124126662732428,0.022686588323301546,0.25324960063275104,0.45092843815880607,0.007049425740907716,0.5306520350467255,0.17691887551804653,1.5653300979254425,1.0146029918347577,0.6177756809536695,0.5465911392250409,-0.42480503452510104,-0.2719844023767293,1.0520862035702019,-0.4674427729101422,-0.17051414838237325,0.3113129319617961,0.08770994892539048,-0.19365130624544247,-0.17643538536319803,-0.15080700222851395,-0.19365130624544244,-0.17643538536319803,-0.15080700222851398,-0.6364168778444976,0.22793184675072084,-0.2163880774040232,-0.4384252596406905,0.47917709132809316,-0.31491252125886854,-0.06809348354310801
-0.6719176615442165,-0.7196083538090088,-0.7521345296013191,-0.6859178508164793,-1.2579760549641792,-0.7135721105419894,1.206102557946122,1.067949034314602,-0.9022154895856386,-0.9105542399736462,-0.31097830935216547,-0.33673878339493896,0.08818399643759428,-0.46744205040261055,-0.2981015006274285,-0.7625478184787606,0.9145646836707604,-0.4975233177391593,-0.7443504764777982,-0.8596678029264736,-0.557966693272765,-0.16278356437511626,-0.4437596689405456,-0.6549769633608442,-0.847119256244319,-0.6991106026495186,-0.8187909582477181,0.15799216052134815,-0.30547738450015766,-0.9613391872663313,-0.3852706152699422,-0.26176824628071216,-0.709933614963467,-0.49373550722510023,-0.4170426490560385,-0.34506136695640394,-0.3954838185938851,-0.4170426490560385,-0.34506136695640394,-0.3954838185938851,0.7302247984138236,-0.36086239206690146,-0.8630988128561334,-0.669464336677378,0.47917709132809316,-0.23408326657970677,-0.26009955181408734
0.6381750237191745,0.46080332200752566,-0.127317531595107,0.529326945761974,0.3936997373482934,0.7620749513315899,-0.3550657755090528,-0.062333605144722984,0.5351056315544588,0.46080495978802266,0.5357124014237246,0.9274014476466992,0.6646339440418377,0.5125249950545057,0.5847982706500394,0.44624117184037193,0.20257613647006992,1.597428380997485,1.2685498023236197,-0.04290335694349944,1.511193360081779,0.5289185375994175,1.4914295348180149,-1.1514943860080076,0.1311632858493207,1.5186804782387133,1.3913193559120773,0.7521182682440684,1.2513054919336142,-0.09099809711801557,0.30778679899842304,0.5755515375953939,1.2318121001270927,-0.6484909723879752,0.3216943831032964,-0.07128515524183804,0.17539726341364456,0.32169438310329646,-0.07128515524183808,0.17539726341364462,-0.4010256875639706,-0.1771669391556749,-0.40057056982695005,-0.42072807779854127,0.47917709132809316,-0.07138864387443883,0.05585243082809266
0.2250647779666633,0.07551909081352023,-0.4237786086565128,0.14121211544110662,-0.7216024646740556,0.2736470405538453,0.08522852296851215,0.4766360160133938,-0.04248113549072118,-0.0999422404375082,0.6163372225532793,0.5814298111698148,0.21913838506917774,0.3983597225590006,0.47019819324947176,0.0111082045105343,0.5426700048066239,2.869813345020165,2.6376971842470835,0.4470008734660093,2.8234268075439486,2.1998438623760626,3.0222421743937447,0.7729582800410076,1.1643173048111246,2.5857792477778836,2.4812431666666273,2.8403098036357974,3.0554584322980873,1.7619689620441503,2.7079476896885684,2.497748991630105,2.5691801854284955,0.29147662259620966,0.26716896937577866,0.19591841350919525,0.31147169580027023,0.26716896937577855,0.19591841350919523,0.3114716958002703,-0.5190223661450873,0.07378624705852894,-0.18584334084625329,-0.15758927805034054,0.47917709132809316,-0.21292479688104307,0.25100832687467733
-0.27575041742691114,-0.38332050796406764,-0.6800164261343162,-0.3398778698958118,-0.39663632162072376,-0.1962055975087007,0.538152106776467,0.9156292602552879,-0.46161024953845137,-0.44090517570672205,0.22265378367270414,0.269776731919114,0.08818399643759428,-0.048555643235581196,0.01762244657718035,-0.41677893086315015,0.8434684147178563,-0.6010837333054309,-0.5878783065458568,-0.694486341308577,-0.6228683504417198,-0.6038837363759726,-0.6389054536232261,-0.3813610329256895,-0.5372589786477886,-0.5974182073505538,-0.6902823161616408,-0.5519675424778085,-0.721962911191495,-0.9613391872663313,-0.831677326520198,-0.7739659214422434,-0.6802310105409649,-0.5464522248153955,-0.28412153166613097,-0.28681296825810504,-0.17916130396016902,-0.284121531666131,-0.28681296825810504,-0.17916130396016905,-0.19078171879966757,0.6354410896927587,-0.39652117350938243,-0.43912453823108166,0.47917709132809316,-0.3193339170705886,-0.1937749800519418
-0.9041364486620331,-0.8099011135755222,-0.8020328218880444,-0.8844564084740074,-1.4123152648962574,-1.0559130560908683,0.601480239310166,1.1853232598950842,-1.123951030744597,-1.0787859704794887,-0.8167088949602219,-0.810581358977585,-0.7594728142166511,-0.7264728147500207,-0.6442210491629234,-0.9883985189025457,0.866730516968702,-0.47983245030924165,-0.6256466208323889,-0.7268970202926643,-0.5865000624227569,0.2752830851331057,-0.3423906118525586,-0.6086473068245287,-0.4975258496855128,-0.6280451806489856,-0.6944996252703184,-0.5249054267091439,-0.0827412972359911,1.555442551279335,-0.5845507230338763,-0.16042086598241198,-0.6654965246082638,-0.3294703527121844,-0.34515558942124797,-0.4576059180084506,-0.3593420743018381,-0.34515558942124797,-0.45760591800845063,-0.3593420743018381,0.160039326987983,-0.43138905361425234,-0.7540365115926823,-0.6653867688194649,-0.029948568208005708,-0.3644392287328332,-0.41026293530338903
0.07407273398233193,-0.1892802324873769,-0.6340058317427956,-0.03078165918019788,-1.1266157599775088,0.20441513667037994,0.7693559170932974,0.8146955743213623,-0.3273528725205588,-0.29621638848927184,0.8830265247564241,0.8596739362935721,0.7030639405487873,0.49074136198141105,0.6392413532827363,-0.14842433993056312,0.7566020980005002,0.01311250255983112,-0.16306708132070144,-0.8468864642559283,-0.09301025014766295,-0.18833937029332215,0.006417134826559504,-0.4049764151046655,-0.8671389091021233,-0.3212725687629398,-0.3322187371003921,0.27122640295543216,0.3204361075031596,-0.14994235502312322,0.1863482920666277,0.06543821871017347,-0.29564123271631676,-0.7243175661008534,2.6773147931795127,3.7062553478259863,2.5073981409382404,2.6773147931795123,3.706255347825986,2.5073981409382404,2.192933729588319,-2.248927052375534,-1.0547146304055817,-0.7806643394879611,0.47917709132809316,5.622640193285448,4.352934491791497
0.46127015370452856,0.45776384400820397,0.23971091069391623,0.4082334767565209,0.9723002792320058,0.5995502524805422,-0.6560167606177675,-0.5771745418107556,0.7411668910589428,0.7021711432586374,0.3402306731564303,0.4365278425277465,0.4724839615070899,0.19452368235716294,0.1167640681711299,0.4905696167128519,-0.15066018969583142,1.2749157215919897,2.1767345655773256,0.21274838285636893,1.21794515360085,-0.21154931188563325,1.108294978696252,0.9063667407348865,0.11632525918761628,1.835134012797156,1.8009481324627667,-0.10736099831854955,0.5965347641197989,0.1497116830032691,-0.41069189815290413,-0.40621556483890725,1.0835449118711216,-0.48556997526472706,1.0494591873772423,1.5704983656133686,1.8289075837585542,1.0494591873772423,1.5704983656133689,1.8289075837585542,2.149031485186583,-2.1107190943213903,-1.0517647235229202,-0.7775207333552829,-2.5755768658885,0.5818397914503475,0.24943208634046635
-0.4476720516664965,-0.5219207047331323,-0.4932158335303626,-0.4605608525656531,-0.051557078616610415,-0.44284900689747064,0.7967264354408716,0.5745234881465904,-0.4743283782397597,-0.4963664545265091,-0.3375485083277377,-0.24363091105526674,0.08818399643759428,-0.4695232724916879,-0.37451269226446576,-0.4899839717503171,0.4968981210595767,0.8825582736122706,0.5599223383087656,0.031033786591230825,0.8182596751364003,0.4607319600257201,1.115411328551976,0.22201839466946854,0.5828495519758072,1.1513666633599495,1.1025888985117955,0.4713596509654263,0.49942446557537973,-0.9613391872663313,0.4383733263023372,0.150369406422439,0.9665990688888114,0.05753920334869114,-0.3011999940351939,-0.32187000034837054,-0.26937221006318945,-0.3011999940351939,-0.32187000034837054,-0.2693722100631895,0.14862397249578435,0.8134316568744369,-0.1509220132376647,-0.021651903232193726,0.47917709132809316,-0.3878451802358237,-0.23369268925253062
0.0905174120400313,0.09083805993010102,0.08035308283797264,0.06404068434610623,0.37372190115843434,0.21062819950282693,-0.40312723607331247,-0.32132644484253287,0.27845775139208323,0.20893455652184661,0.15757883704148135,0.14293708263986687,0.08818399643759428,-0.04516393729832264,-0.06654905567404924,0.15955006639261135,-0.05388144673877353,0.6413583547535527,0.9203867364972007,0.6647537054063725,0.6156312467250431,2.6560772703321036,0.7197085749196015,1.3925383917650453,1.2525341428113075,1.5006011147692617,1.3985334024706364,-0.7037686551948924,-0.25126455466901293,-0.9613391872663313,-0.5161066365078422,-0.5565576343685882,0.956087888688768,-0.056839329075200055,-0.20159987585679565,-0.30903129335224166,-0.21598883580996392,-0.20159987585679565,-0.30903129335224166,-0.21598883580996397,2.114191994926228,-2.1388703916014338,-1.049467072091186,-0.7780628973634892,0.47917709132809316,-0.014426641295649382,-0.2190738883493777
-0.7384438591412734,-0.43097952299343023,0.3419242311041522,-0.5882221029408935,0.2248541065091008,-0.8409136680827459,-0.8081506063587736,-0.4974211485388139,-0.500985401114458,-0.49655301861313,-1.1914919495955667,-1.2317894394378939,-1.5806403495379522,-0.692428926013003,-0.7824209977640068,-0.47854933481330975,-1.0971397548067017,0.7128400064255467,1.919008333305032,3.105044666069958,1.3193791827817047,1.2843334583690906,1.082016202559916,2.766830026711075,2.6096653244537564,2.0323325984469087,1.8027039264938292,0.5634331791627629,0.06764389926380833,0.5227668482739907,1.2609499730490454,1.2298718121682142,2.0126234858181324,3.678970139942102,0.377158888273616,0.17570324125444328,0.3179305467807922,0.37715888827361593,0.17570324125444345,0.3179305467807922,-0.16544267298067203,0.9505314129014621,1.0885830045282343,1.1322405194414409,-0.029948568208005708,-0.40709103163786786,0.1260481595906842
-0.7147734892097364,-0.6923746309350873,-0.3084091995961904,-0.6641620750290589,-0.5347763132553516,-0.7923295241740632,0.706730604206208,0.21194535104999812,-0.8111995592926038,-0.7476382785405797,-0.7672803506884676,-0.8137082619064624,-0.5475586115530899,-0.5138877480905951,-0.49998572117432205,-0.6627480498715265,-0.10686509868591733,0.33827826602666716,0.02614589591321856,-0.518677100852642,0.3015340960579989,1.024731436594529,0.6799383844785881,0.13538401482255358,-0.44491125069448845,-0.19869379216488486,-0.27299413995819183,1.3454755603370971,0.9538705614859705,1.5045932340903183,1.2534085257895906,1.508147879160395,0.23799214582541076,-0.38718736678434473,-0.3843854954646703,-0.32837153610968967,-0.3926784679019047,-0.38438549546467027,-0.3283715361096897,-0.39267846790190464,0.4335053976787221,-0.408273520386851,-0.8296541178821499,-0.6959006362334252,-1.5573255468163023,-0.31718377590671704,-0.3945547814856072
-1.0386838145886654,-0.5610691813643944,0.8824178343062349,-0.9391879198889015,1.8039933720200478,-1.2736677774774774,-2.1512937645235692,-1.2926684277527212,-0.053103933316795984,-0.27777494028905275,-2.3687266252756745,-2.083166173098916,-1.8190438275344585,-1.8456089035092864,-2.0888922090397726,-0.676506224991012,-0.5399968263613812,-0.3161428809085223,-0.7676974878056684,0.1494823522218746,-0.40054302806069775,-0.9869576483744195,-0.0724275778979346,0.7283184465321917,-0.3137907427718359,-0.5186337249941729,-0.4218817040293618,0.5098739399825755,0.15643726667300467,-0.9613391872663313,-0.04244679029081218,0.0986612432671307,-0.4842680969284106,1.9301764066825906,-0.5798067132314626,-0.5285290828118028,-0.587772760802005,-0.5798067132314626,-0.5285290828118028,-0.587772760802005,1.0693895999135494,0.7635707639123334,-0.9057670900985987,-0.6466729690026622,-3.084702525424599,-0.4252185479447163,-0.5602956737775086
