ID,Drug,Pathology,Run,Stain,FrameNumber,Label,Center_X,Center_Y,Lifetime
12081,ATG,Thrombosis,1,Ly6G,0000,1,465.8768115942029,225.29710144927537,1
12081,ATG,Thrombosis,1,Ly6G,0001,1,465.8796992481203,225.2255639097744,2
12081,ATG,Thrombosis,1,Ly6G,0002,1,465.91970802919707,225.2262773722628,3
12081,ATG,Thrombosis,1,Ly6G,0003,1,465.7810218978102,225.27007299270073,4
12081,ATG,Thrombosis,1,Ly6G,0004,1,465.8181818181818,225.25,5
12081,ATG,Thrombosis,1,Ly6G,0005,1,465.74264705882354,225.27941176470588,6
12081,ATG,Thrombosis,1,Ly6G,0006,1,465.89473684210526,225.53383458646616,7
12081,ATG,Thrombosis,1,Ly6G,0007,1,465.7164179104478,225.08955223880596,8
12081,ATG,Thrombosis,1,Ly6G,0008,1,465.6511627906977,225.1782945736434,9
12081,ATG,Thrombosis,1,Ly6G,0009,1,465.5238095238095,225.0952380952381,10
12081,ATG,Thrombosis,1,Ly6G,0000,2,491.6195121951219,256.7951219512195,1
12081,ATG,Thrombosis,1,Ly6G,0001,2,491.3217821782178,257.029702970297,2
12081,ATG,Thrombosis,1,Ly6G,0002,2,491.25728155339806,256.9271844660194,3
12081,ATG,Thrombosis,1,Ly6G,0003,2,491.5314009661836,257.1014492753623,4
12081,ATG,Thrombosis,1,Ly6G,0004,2,491.3768115942029,256.8840579710145,5
12081,ATG,Thrombosis,1,Ly6G,0005,2,491.38,256.93,6
12081,ATG,Thrombosis,1,Ly6G,0006,2,491.2361809045226,256.964824120603,7
12081,ATG,Thrombosis,1,Ly6G,0007,2,491.1625615763547,256.9113300492611,8
12081,ATG,Thrombosis,1,Ly6G,0008,2,491.1951219512195,256.86829268292684,9
12081,ATG,Thrombosis,1,Ly6G,0009,2,491.26633165829145,256.9145728643216,10
12081,ATG,Thrombosis,1,Ly6G,0000,3,65.01818181818182,271.3818181818182,1
12081,ATG,Thrombosis,1,Ly6G,0001,3,64.96428571428571,271.17857142857144,2
12081,ATG,Thrombosis,1,Ly6G,0002,3,64.85714285714286,271.32142857142856,3
12081,ATG,Thrombosis,1,Ly6G,0003,3,64.72881355932203,271.1864406779661,4
12081,ATG,Thrombosis,1,Ly6G,0004,3,64.625,271.05357142857144,5
12081,ATG,Thrombosis,1,Ly6G,0005,3,64.55357142857143,271.0892857142857,6
12081,ATG,Thrombosis,1,Ly6G,0006,3,64.58928571428571,271.26785714285717,7
12081,ATG,Thrombosis,1,Ly6G,0007,3,64.43103448275862,271,8
12081,ATG,Thrombosis,1,Ly6G,0008,3,64.35849056603773,271.1132075471698,9
12081,ATG,Thrombosis,1,Ly6G,0009,3,64.36538461538461,271.1923076923077,10
12081,ATG,Thrombosis,1,Ly6G,0000,4,107.19617224880383,306.444976076555,1
12081,ATG,Thrombosis,1,Ly6G,0001,4,107.36018957345972,306.41706161137444,2
12081,ATG,Thrombosis,1,Ly6G,0002,4,107.40182648401826,306.7260273972603,3
12081,ATG,Thrombosis,1,Ly6G,0003,4,107.29629629629628,306.4861111111111,4
12081,ATG,Thrombosis,1,Ly6G,0004,4,107.22065727699533,306.5868544600939,5
12081,ATG,Thrombosis,1,Ly6G,0005,4,107.37991266375546,306.5414847161572,6
12081,ATG,Thrombosis,1,Ly6G,0006,4,107.27230046948355,306.3286384976526,7
12081,ATG,Thrombosis,1,Ly6G,0007,4,107.22935779816514,306.4449541284404,8
12081,ATG,Thrombosis,1,Ly6G,0008,4,107.38755980861244,306.5693779904306,9
12081,ATG,Thrombosis,1,Ly6G,0009,4,106.92093023255812,306.30232558139534,10
12081,ATG,Thrombosis,1,Ly6G,0000,5,341.0736842105263,393.94736842105266,1
12081,ATG,Thrombosis,1,Ly6G,0001,5,341.4130434782609,393.92391304347825,2
12081,ATG,Thrombosis,1,Ly6G,0002,5,341.35051546391753,393.7835051546392,3
12081,ATG,Thrombosis,1,Ly6G,0003,5,341.41379310344826,394.01149425287355,4
12081,ATG,Thrombosis,1,Ly6G,0004,5,340.8241758241758,393.9230769230769,5
12081,ATG,Thrombosis,1,Ly6G,0005,5,341.35555555555555,394.03333333333336,6
12081,ATG,Thrombosis,1,Ly6G,0006,5,340.59090909090907,393.96590909090907,7
12081,ATG,Thrombosis,1,Ly6G,0007,5,341.4673913043478,393.92391304347825,8
12081,ATG,Thrombosis,1,Ly6G,0008,5,341.44303797468353,393.73417721518985,9
12081,ATG,Thrombosis,1,Ly6G,0009,5,341.16279069767444,393.90697674418607,10
12081,ATG,Thrombosis,1,Ly6G,0001,6,230.71428571428572,358.39285714285717,1
12081,ATG,Thrombosis,1,Ly6G,0002,6,230.859649122807,358.6140350877193,2
12081,ATG,Thrombosis,1,Ly6G,0003,6,230.8571428571429,358.67857142857144,3
12081,ATG,Thrombosis,1,Ly6G,0004,6,230.9245283018868,358.4339622641509,4
12081,ATG,Thrombosis,1,Ly6G,0005,6,230.70909090909092,358.58181818181816,5
12081,ATG,Thrombosis,1,Ly6G,0006,6,230.73076923076923,358.53846153846155,6
12081,ATG,Thrombosis,1,Ly6G,0007,6,230.75925925925927,358.3888888888889,7
12081,ATG,Thrombosis,1,Ly6G,0008,6,230.40384615384616,358.25,8
12081,ATG,Thrombosis,1,Ly6G,0004,7,89.16981132075472,295.24528301886795,1
12081,ATG,Thrombosis,1,Ly6G,0005,7,89.17543859649123,295.49122807017545,2
12081,ATG,Thrombosis,1,Ly6G,0006,7,89.46153846153847,295.03846153846155,3
12081,ATG,Thrombosis,3,Ly6G,0000,1,76.84756097560975,130.79268292682926,1
12081,ATG,Thrombosis,3,Ly6G,0001,1,76.87272727272727,130.84848484848484,2
12081,ATG,Thrombosis,3,Ly6G,0002,1,76.89759036144578,130.74096385542168,3
12081,ATG,Thrombosis,3,Ly6G,0003,1,76.76219512195122,130.71951219512195,4
12081,ATG,Thrombosis,3,Ly6G,0004,1,76.81818181818181,130.78181818181818,5
12081,ATG,Thrombosis,3,Ly6G,0005,1,76.84939759036145,130.71686746987953,6
12081,ATG,Thrombosis,3,Ly6G,0006,1,76.78658536585365,130.6829268292683,7
12081,ATG,Thrombosis,3,Ly6G,0007,1,76.66060606060606,130.6727272727273,8
12081,ATG,Thrombosis,3,Ly6G,0008,1,76.59036144578313,130.7710843373494,9
12081,ATG,Thrombosis,3,Ly6G,0009,1,76.67065868263474,130.63473053892216,10
12081,ATG,Thrombosis,3,Ly6G,0000,2,155.3793103448276,198.3448275862069,1
12081,ATG,Thrombosis,3,Ly6G,0001,2,155.70192307692307,198.42307692307693,2
12081,ATG,Thrombosis,3,Ly6G,0002,2,155.36752136752136,198.51282051282053,3
12081,ATG,Thrombosis,3,Ly6G,0003,2,154.98095238095237,198.32380952380953,4
12081,ATG,Thrombosis,3,Ly6G,0004,2,155.65686274509804,198.52941176470588,5
12081,ATG,Thrombosis,3,Ly6G,0005,2,155.6969696969697,198.53535353535352,6
12081,ATG,Thrombosis,3,Ly6G,0006,2,155.3030303030303,198.5959595959596,7
12081,ATG,Thrombosis,3,Ly6G,0007,2,155.7058823529412,198.64705882352945,8
12081,ATG,Thrombosis,3,Ly6G,0008,2,155.05263157894737,198.2280701754386,9
12081,ATG,Thrombosis,3,Ly6G,0009,2,155.10185185185185,198.40740740740745,10
12081,ATG,Thrombosis,3,Ly6G,0000,3,161.82608695652175,214.5304347826087,1
12081,ATG,Thrombosis,3,Ly6G,0001,3,161.7403846153846,214.29807692307693,2
12081,ATG,Thrombosis,3,Ly6G,0002,3,161.24107142857142,214.0178571428571,3
12081,ATG,Thrombosis,3,Ly6G,0003,3,161.95575221238937,214.44247787610615,4
12081,ATG,Thrombosis,3,Ly6G,0004,3,161.73394495412845,214.23853211009177,5
12081,ATG,Thrombosis,3,Ly6G,0005,3,161.6936936936937,214.1531531531531,6
12081,ATG,Thrombosis,3,Ly6G,0006,3,161.63302752293578,214.1651376146789,7
12081,ATG,Thrombosis,3,Ly6G,0007,3,161.78571428571428,214.42857142857144,8
12081,ATG,Thrombosis,3,Ly6G,0008,3,161.0952380952381,214.06666666666663,9
12081,ATG,Thrombosis,3,Ly6G,0009,3,161.67326732673268,214.2277227722772,10
12081,ATG,Thrombosis,3,Ly6G,0000,4,140.57894736842104,219.38947368421051,1
12081,ATG,Thrombosis,3,Ly6G,0001,4,140.4795918367347,219.07142857142856,2
12081,ATG,Thrombosis,3,Ly6G,0002,4,140.4468085106383,219.19148936170217,3
12081,ATG,Thrombosis,3,Ly6G,0003,4,140.63917525773195,219.2164948453608,4
12081,ATG,Thrombosis,3,Ly6G,0004,4,140.42857142857142,219.0408163265306,5
12081,ATG,Thrombosis,3,Ly6G,0005,4,140.49484536082474,219,6
12081,ATG,Thrombosis,3,Ly6G,0006,4,140.43478260869566,219.25,7
12081,ATG,Thrombosis,3,Ly6G,0007,4,139.89473684210526,219.21052631578948,8
12081,ATG,Thrombosis,3,Ly6G,0008,4,140.2111111111111,219.1888888888889,9
12081,ATG,Thrombosis,3,Ly6G,0009,4,140.16161616161617,219.1010101010101,10
12081,ATG,Thrombosis,3,Ly6G,0000,6,198.73469387755105,235.8112244897959,1
12081,ATG,Thrombosis,3,Ly6G,0001,6,198.48969072164948,235.9639175257732,2
12081,ATG,Thrombosis,3,Ly6G,0002,6,198.66839378238345,236.06735751295335,3
12081,ATG,Thrombosis,3,Ly6G,0003,6,198.72820512820513,235.90769230769232,4
12081,ATG,Thrombosis,3,Ly6G,0004,6,198.58375634517768,235.8223350253807,5
12081,ATG,Thrombosis,3,Ly6G,0005,6,198.47448979591837,235.9795918367347,6
12081,ATG,Thrombosis,3,Ly6G,0006,6,198.5625,236.22916666666663,7
12081,ATG,Thrombosis,3,Ly6G,0007,6,198.60301507537687,236.01507537688445,8
12081,ATG,Thrombosis,3,Ly6G,0008,6,198.655,236.235,9
12081,ATG,Thrombosis,3,Ly6G,0009,6,198.35643564356437,235.9554455445545,10
12081,ATG,Thrombosis,3,Ly6G,0000,7,363.49484536082474,239.20618556701032,1
12081,ATG,Thrombosis,3,Ly6G,0001,7,363.4891304347826,239.1413043478261,2
12081,ATG,Thrombosis,3,Ly6G,0002,7,363.60869565217394,239.2282608695652,3
12081,ATG,Thrombosis,3,Ly6G,0003,7,363.3655913978494,238.98924731182797,4
12081,ATG,Thrombosis,3,Ly6G,0004,7,363.2474226804124,239.11340206185568,5
12081,ATG,Thrombosis,3,Ly6G,0005,7,363.4044943820225,239.07865168539325,6
12081,ATG,Thrombosis,3,Ly6G,0006,7,363.4431818181818,239.0340909090909,7
12081,ATG,Thrombosis,3,Ly6G,0007,7,363.2298850574713,239.05747126436785,8
12081,ATG,Thrombosis,3,Ly6G,0008,7,363.0879120879121,239.12087912087912,9
12081,ATG,Thrombosis,3,Ly6G,0009,7,363.0111111111111,239.2,10
12081,ATG,Thrombosis,3,Ly6G,0000,8,391.0352941176471,248.6705882352941,1
12081,ATG,Thrombosis,3,Ly6G,0001,8,390.9438202247191,248.68539325842696,2
12081,ATG,Thrombosis,3,Ly6G,0002,8,390.8965517241379,248.5287356321839,3
12081,ATG,Thrombosis,3,Ly6G,0003,8,391.09302325581393,248.6860465116279,4
12081,ATG,Thrombosis,3,Ly6G,0004,8,391.0229885057471,248.5977011494253,5
12081,ATG,Thrombosis,3,Ly6G,0005,8,390.8068181818182,248.67045454545453,6
12081,ATG,Thrombosis,3,Ly6G,0006,8,390.8488372093023,248.7906976744186,7
12081,ATG,Thrombosis,3,Ly6G,0007,8,390.72289156626505,248.6867469879518,8
12081,ATG,Thrombosis,3,Ly6G,0008,8,390.8735632183908,248.77011494252875,9
12081,ATG,Thrombosis,3,Ly6G,0009,8,390.9047619047619,248.4404761904762,10
12081,ATG,Thrombosis,3,Ly6G,0000,9,229.27272727272728,258.02479338842977,1
12081,ATG,Thrombosis,3,Ly6G,0001,9,229.03333333333333,257.90833333333336,2
12081,ATG,Thrombosis,3,Ly6G,0002,9,229.1217391304348,257.9478260869565,3
12081,ATG,Thrombosis,3,Ly6G,0003,9,229.40677966101697,257.9406779661017,4
12081,ATG,Thrombosis,3,Ly6G,0004,9,228.7983193277311,257.93277310924367,5
12081,ATG,Thrombosis,3,Ly6G,0005,9,229.2622950819672,257.8360655737705,6
12081,ATG,Thrombosis,3,Ly6G,0006,9,229.25862068965515,257.87931034482756,7
12081,ATG,Thrombosis,3,Ly6G,0007,9,228.982905982906,257.9316239316239,8
12081,ATG,Thrombosis,3,Ly6G,0008,9,229.5,257.968253968254,9
12081,ATG,Thrombosis,3,Ly6G,0009,9,229.20967741935485,258.10483870967744,10
12081,ATG,Thrombosis,3,Ly6G,0000,10,274.5809523809524,264.12380952380954,1
12081,ATG,Thrombosis,3,Ly6G,0001,10,274.7676767676768,264.0808080808081,2
12081,ATG,Thrombosis,3,Ly6G,0002,10,274.6990291262136,264.19417475728153,3
12081,ATG,Thrombosis,3,Ly6G,0003,10,274.66326530612247,264.1224489795918,4
12081,ATG,Thrombosis,3,Ly6G,0004,10,274.57142857142856,264.07142857142856,5
12081,ATG,Thrombosis,3,Ly6G,0005,10,274.5578947368421,263.9789473684211,6
12081,ATG,Thrombosis,3,Ly6G,0006,10,274.81553398058253,264.33009708737865,7
12081,ATG,Thrombosis,3,Ly6G,0007,10,274.65656565656565,264.0808080808081,8
12081,ATG,Thrombosis,3,Ly6G,0008,10,274.58,264.2,9
12081,ATG,Thrombosis,3,Ly6G,0009,10,274.44761904761907,263.9809523809524,10
12081,ATG,Thrombosis,3,Ly6G,0000,11,329.9866666666667,276.82666666666665,1
12081,ATG,Thrombosis,3,Ly6G,0001,11,330.0133333333333,276.6933333333333,2
12081,ATG,Thrombosis,3,Ly6G,0002,11,329.9583333333333,276.52777777777777,3
12081,ATG,Thrombosis,3,Ly6G,0003,11,329.987012987013,276.6233766233766,4
12081,ATG,Thrombosis,3,Ly6G,0004,11,329.7916666666667,276.5,5
12081,ATG,Thrombosis,3,Ly6G,0005,11,329.92,276.36,6
12081,ATG,Thrombosis,3,Ly6G,0006,11,330.2686567164179,276.3880597014925,7
12081,ATG,Thrombosis,3,Ly6G,0007,11,330.1038961038961,276.6363636363636,8
12081,ATG,Thrombosis,3,Ly6G,0008,11,329.93506493506493,276.6363636363636,9
12081,ATG,Thrombosis,3,Ly6G,0009,11,329.7236842105263,276.8157894736842,10
12081,ATG,Thrombosis,3,Ly6G,0000,12,317.75,283.4230769230769,1
12081,ATG,Thrombosis,3,Ly6G,0002,12,317.3888888888889,283.4074074074074,2
12081,ATG,Thrombosis,3,Ly6G,0003,12,317.6296296296296,283.5925925925926,3
12081,ATG,Thrombosis,3,Ly6G,0004,12,317.3703703703704,283.2962962962963,4
12081,ATG,Thrombosis,3,Ly6G,0005,12,317.5686274509804,283.29411764705884,5
12081,ATG,Thrombosis,3,Ly6G,0006,12,317.33962264150944,283.62264150943395,6
12081,ATG,Thrombosis,3,Ly6G,0008,12,317.47169811320754,283.54716981132077,7
12081,ATG,Thrombosis,3,Ly6G,0009,12,317.46153846153845,283.5769230769231,8
12081,ATG,Thrombosis,3,Ly6G,0000,13,457.7906976744186,311.1860465116279,1
12081,ATG,Thrombosis,3,Ly6G,0001,13,457.8863636363636,311.4848484848485,2
12081,ATG,Thrombosis,3,Ly6G,0002,13,457.53333333333336,311.27407407407406,3
12081,ATG,Thrombosis,3,Ly6G,0003,13,457.6194029850746,311.47014925373134,4
12081,ATG,Thrombosis,3,Ly6G,0004,13,458.3333333333333,309.62820512820514,5
12081,ATG,Thrombosis,3,Ly6G,0005,13,458.3229813664596,309.6645962732919,6
12081,ATG,Thrombosis,3,Ly6G,0006,13,457.5263157894737,311.3157894736842,7
12081,ATG,Thrombosis,3,Ly6G,0007,13,457.4015151515151,311.49242424242425,8
12081,ATG,Thrombosis,3,Ly6G,0008,13,457.52592592592595,311.162962962963,9
12081,ATG,Thrombosis,3,Ly6G,0009,13,458.34177215189874,309.9113924050633,10
12081,ATG,Thrombosis,3,Ly6G,0000,14,390.06857142857143,315.8857142857143,1
12081,ATG,Thrombosis,3,Ly6G,0001,14,390.1337209302326,316.08720930232556,2
12081,ATG,Thrombosis,3,Ly6G,0002,14,390.0574712643678,315.6551724137931,3
12081,ATG,Thrombosis,3,Ly6G,0003,14,389.9302325581395,315.8081395348837,4
12081,ATG,Thrombosis,3,Ly6G,0004,14,390.0228571428571,315.89142857142855,5
12081,ATG,Thrombosis,3,Ly6G,0005,14,390.16184971098266,316.1387283236994,6
12081,ATG,Thrombosis,3,Ly6G,0006,14,389.9673913043478,316,7
12081,ATG,Thrombosis,3,Ly6G,0007,14,389.8663101604278,315.98930481283423,8
12081,ATG,Thrombosis,3,Ly6G,0008,14,390.185393258427,316.1741573033708,9
12081,ATG,Thrombosis,3,Ly6G,0009,14,389.8426966292135,315.82022471910113,10
12081,ATG,Thrombosis,3,Ly6G,0000,15,420.6122448979592,382.17687074829934,1
12081,ATG,Thrombosis,3,Ly6G,0001,15,420.7181208053691,382.248322147651,2
12081,ATG,Thrombosis,3,Ly6G,0002,15,420.437908496732,382.11764705882354,3
12081,ATG,Thrombosis,3,Ly6G,0003,15,420.6308724832215,382.16107382550337,4
12081,ATG,Thrombosis,3,Ly6G,0004,15,420.595890410959,382.404109589041,5
12081,ATG,Thrombosis,3,Ly6G,0005,15,420.5172413793103,382.3379310344828,6
12081,ATG,Thrombosis,3,Ly6G,0006,15,420.46853146853147,382.2867132867133,7
12081,ATG,Thrombosis,3,Ly6G,0007,15,420.421768707483,382.2857142857143,8
12081,ATG,Thrombosis,3,Ly6G,0008,15,420.5779220779221,382.35064935064935,9
12081,ATG,Thrombosis,3,Ly6G,0009,15,420.3310810810811,382.30405405405406,10
12081,ATG,Thrombosis,3,Ly6G,0001,16,252.8653846153846,268.4807692307692,1
12081,ATG,Thrombosis,3,Ly6G,0002,16,252.98181818181817,268.4727272727273,2
12081,ATG,Thrombosis,3,Ly6G,0003,16,253.85,267.96666666666664,3
12081,ATG,Thrombosis,3,Ly6G,0004,16,252.98275862068965,268.1551724137931,4
12081,ATG,Thrombosis,3,Ly6G,0005,16,253.66129032258064,267.88709677419354,5
12081,ATG,Thrombosis,3,Ly6G,0006,16,253.4915254237288,268.135593220339,6
12081,ATG,Thrombosis,3,Ly6G,0007,16,253.91666666666663,268.06666666666666,7
12081,ATG,Thrombosis,3,Ly6G,0008,16,253.61666666666667,268.26666666666665,8
12081,ATG,Thrombosis,3,Ly6G,0009,16,252.8688524590164,268.26229508196724,9
12081,ATG,Thrombosis,4,Ly6G,0000,2,40.617283950617285,10.34567901234568,1
12081,ATG,Thrombosis,4,Ly6G,0001,2,41.04761904761905,10.738095238095235,2
12081,ATG,Thrombosis,4,Ly6G,0002,2,40.76190476190476,10.607142857142858,3
12081,ATG,Thrombosis,4,Ly6G,0003,2,40.88157894736842,10.723684210526317,4
12081,ATG,Thrombosis,4,Ly6G,0004,2,41.06172839506173,10.950617283950615,5
12081,ATG,Thrombosis,4,Ly6G,0005,2,41,10.86904761904762,6
12081,ATG,Thrombosis,4,Ly6G,0006,2,40.81578947368421,10.539473684210526,7
12081,ATG,Thrombosis,4,Ly6G,0007,2,40.63636363636363,10.662337662337665,8
12081,ATG,Thrombosis,4,Ly6G,0008,2,40.758620689655174,10.57471264367816,9
12081,ATG,Thrombosis,4,Ly6G,0009,2,40.9277108433735,10.662650602409638,10
12081,ATG,Thrombosis,4,Ly6G,0000,3,98.33070866141732,12.653543307086617,1
12081,ATG,Thrombosis,4,Ly6G,0001,3,98.02770083102492,12.634349030470917,2
12081,ATG,Thrombosis,4,Ly6G,0002,3,97.97843665768194,12.63611859838275,3
12081,ATG,Thrombosis,4,Ly6G,0003,3,98.37709497206704,12.547486033519553,4
12081,ATG,Thrombosis,4,Ly6G,0004,3,97.78285714285714,12.434285714285714,5
12081,ATG,Thrombosis,4,Ly6G,0005,3,97.70760233918128,11.88888888888889,6
12081,ATG,Thrombosis,4,Ly6G,0006,3,97.59400544959128,12.482288828337875,7
12081,ATG,Thrombosis,4,Ly6G,0007,3,97.95698924731182,12.653225806451612,8
12081,ATG,Thrombosis,4,Ly6G,0008,3,97.49295774647888,12.450704225352112,9
12081,ATG,Thrombosis,4,Ly6G,0009,3,97.88172043010752,12.594086021505376,10
12081,ATG,Thrombosis,4,Ly6G,0000,4,126.19642857142856,20.321428571428573,1
12081,ATG,Thrombosis,4,Ly6G,0001,4,126.46551724137932,20.689655172413794,2
12081,ATG,Thrombosis,4,Ly6G,0002,4,126.42424242424242,20.424242424242426,3
12081,ATG,Thrombosis,4,Ly6G,0003,4,126.3968253968254,20.571428571428573,4
12081,ATG,Thrombosis,4,Ly6G,0004,4,125.864406779661,20.88135593220339,5
12081,ATG,Thrombosis,4,Ly6G,0005,4,126.24137931034484,20.344827586206897,6
12081,ATG,Thrombosis,4,Ly6G,0006,4,126.32,20.84,7
12081,ATG,Thrombosis,4,Ly6G,0007,4,125.69117647058825,20.33823529411765,8
12081,ATG,Thrombosis,4,Ly6G,0008,4,125.98360655737704,20.39344262295082,9
12081,ATG,Thrombosis,4,Ly6G,0009,4,125.78571428571428,19.985714285714284,10
12081,ATG,Thrombosis,4,Ly6G,0000,5,146.71317829457365,30.124031007751935,1
12081,ATG,Thrombosis,4,Ly6G,0001,5,147.23728813559322,30.1864406779661,2
12081,ATG,Thrombosis,4,Ly6G,0002,5,147.54918032786884,30.114754098360656,3
12081,ATG,Thrombosis,4,Ly6G,0003,5,147.7058823529412,30.428571428571427,4
12081,ATG,Thrombosis,4,Ly6G,0004,5,147.16666666666666,30.261904761904763,5
12081,ATG,Thrombosis,4,Ly6G,0005,5,146.86259541984734,30.198473282442748,6
12081,ATG,Thrombosis,4,Ly6G,0006,5,146.78947368421052,30.270676691729324,7
12081,ATG,Thrombosis,4,Ly6G,0007,5,146.79674796747966,30.10569105691057,8
12081,ATG,Thrombosis,4,Ly6G,0008,5,147.2093023255814,30.286821705426355,9
12081,ATG,Thrombosis,4,Ly6G,0009,5,146.93650793650792,30.103174603174605,10
12081,ATG,Thrombosis,4,Ly6G,0000,6,255.21802325581396,118.68895348837208,1
12081,ATG,Thrombosis,4,Ly6G,0001,6,255.15820895522387,118.64776119402984,2
12081,ATG,Thrombosis,4,Ly6G,0002,6,255.42776203966005,118.9801699716714,3
12081,ATG,Thrombosis,4,Ly6G,0003,6,254.9174041297935,118.51622418879056,4
12081,ATG,Thrombosis,4,Ly6G,0004,6,255.3676470588235,118.68529411764706,5
12081,ATG,Thrombosis,4,Ly6G,0005,6,255.1345029239766,118.91228070175438,6
12081,ATG,Thrombosis,4,Ly6G,0006,6,254.8486646884273,118.566765578635,7
12081,ATG,Thrombosis,4,Ly6G,0007,6,255.17971014492753,118.72463768115942,8
12081,ATG,Thrombosis,4,Ly6G,0008,6,255.1987951807229,118.79518072289156,9
12081,ATG,Thrombosis,4,Ly6G,0009,6,255.1094674556213,118.7189349112426,10
12081,ATG,Thrombosis,4,Ly6G,0000,7,267.00763358778624,138.02035623409668,1
12081,ATG,Thrombosis,4,Ly6G,0001,7,267.0888324873096,138.01015228426397,2
12081,ATG,Thrombosis,4,Ly6G,0002,7,267.02798982188295,138.3027989821883,3
12081,ATG,Thrombosis,4,Ly6G,0003,7,266.69017632241815,137.95465994962217,4
12081,ATG,Thrombosis,4,Ly6G,0004,7,267.0303797468354,138.17215189873417,5
12081,ATG,Thrombosis,4,Ly6G,0005,7,266.7707808564232,138.00503778337531,6
12081,ATG,Thrombosis,4,Ly6G,0006,7,267.0997506234414,137.67082294264338,7
12081,ATG,Thrombosis,4,Ly6G,0007,7,267.10513447432766,138.0562347188264,8
12081,ATG,Thrombosis,4,Ly6G,0008,7,266.712895377129,137.98783454987836,9
12081,ATG,Thrombosis,4,Ly6G,0009,7,266.81592039800995,138.05223880597015,10
12081,ATG,Thrombosis,4,Ly6G,0000,8,300.93283582089555,165.2089552238806,1
12081,ATG,Thrombosis,4,Ly6G,0001,8,300.6666666666667,165.45238095238096,2
12081,ATG,Thrombosis,4,Ly6G,0002,8,300.7832167832168,165.16783216783216,3
12081,ATG,Thrombosis,4,Ly6G,0003,8,300.65384615384613,165.12307692307692,4
12081,ATG,Thrombosis,4,Ly6G,0004,8,300.264,165.528,5
12081,ATG,Thrombosis,4,Ly6G,0005,8,300.64963503649636,165.33576642335763,6
12081,ATG,Thrombosis,4,Ly6G,0006,8,300.82608695652175,165.1159420289855,7
12081,ATG,Thrombosis,4,Ly6G,0007,8,300.536231884058,165.02173913043478,8
12081,ATG,Thrombosis,4,Ly6G,0008,8,300.2132352941176,165.15441176470588,9
12081,ATG,Thrombosis,4,Ly6G,0009,8,300.18897637795277,165.2204724409449,10
12081,ATG,Thrombosis,4,Ly6G,0000,9,324.0529411764706,199.56470588235297,1
12081,ATG,Thrombosis,4,Ly6G,0001,9,324.3231707317073,199.96341463414635,2
12081,ATG,Thrombosis,4,Ly6G,0002,9,324.0960451977401,199.6497175141243,3
12081,ATG,Thrombosis,4,Ly6G,0003,9,324.14942528735634,199.66666666666663,4
12081,ATG,Thrombosis,4,Ly6G,0004,9,324.2151898734177,200.1075949367089,5
12081,ATG,Thrombosis,4,Ly6G,0005,9,323.92857142857144,199.66071428571428,6
12081,ATG,Thrombosis,4,Ly6G,0006,9,324.04242424242426,199.4909090909091,7
12081,ATG,Thrombosis,4,Ly6G,0007,9,324.07272727272726,199.79393939393935,8
12081,ATG,Thrombosis,4,Ly6G,0008,9,323.9940119760479,199.83832335329345,9
12081,ATG,Thrombosis,4,Ly6G,0009,9,323.9702380952381,199.5,10
12081,ATG,Thrombosis,4,Ly6G,0000,10,351.42727272727274,208.5909090909091,1
12081,ATG,Thrombosis,4,Ly6G,0001,10,351.41747572815535,208.4757281553398,2
12081,ATG,Thrombosis,4,Ly6G,0002,10,351.4715447154472,208.82926829268297,3
12081,ATG,Thrombosis,4,Ly6G,0003,10,351.8018018018018,208.73873873873873,4
12081,ATG,Thrombosis,4,Ly6G,0004,10,351.35353535353534,207.8989898989899,5
12081,ATG,Thrombosis,4,Ly6G,0005,10,351.12931034482756,208.49137931034485,6
12081,ATG,Thrombosis,4,Ly6G,0006,10,351.3611111111111,208.49074074074073,7
12081,ATG,Thrombosis,4,Ly6G,0007,10,351.1858407079646,208.38053097345133,8
12081,ATG,Thrombosis,4,Ly6G,0008,10,351.260162601626,208.34959349593495,9
12081,ATG,Thrombosis,4,Ly6G,0009,10,351.2631578947368,207.8947368421053,10
12081,ATG,Thrombosis,4,Ly6G,0000,11,261.7570093457944,215.83177570093457,1
12081,ATG,Thrombosis,4,Ly6G,0001,11,261.64814814814815,216.11111111111111,2
12081,ATG,Thrombosis,4,Ly6G,0002,11,261.47747747747746,215.963963963964,3
12081,ATG,Thrombosis,4,Ly6G,0003,11,261.6132075471698,215.83962264150944,4
12081,ATG,Thrombosis,4,Ly6G,0004,11,261.5596330275229,216.06422018348624,5
12081,ATG,Thrombosis,4,Ly6G,0005,11,261.3669724770642,215.92660550458712,6
12081,ATG,Thrombosis,4,Ly6G,0006,11,261.19642857142856,215.84821428571428,7
12081,ATG,Thrombosis,4,Ly6G,0007,11,261.21238938053096,215.93805309734512,8
12081,ATG,Thrombosis,4,Ly6G,0008,11,261.5596330275229,215.74311926605503,9
12081,ATG,Thrombosis,4,Ly6G,0009,11,261.2767857142857,215.6696428571429,10
12081,ATG,Thrombosis,4,Ly6G,0000,12,286.74691358024694,223.679012345679,1
12081,ATG,Thrombosis,4,Ly6G,0001,12,286.67283950617286,223.8641975308642,2
12081,ATG,Thrombosis,4,Ly6G,0002,12,286.74850299401197,223.53892215568865,3
12081,ATG,Thrombosis,4,Ly6G,0003,12,286.69135802469134,223.59876543209876,4
12081,ATG,Thrombosis,4,Ly6G,0004,12,286.64596273291926,223.63975155279505,5
12081,ATG,Thrombosis,4,Ly6G,0005,12,286.29411764705884,223.55882352941177,6
12081,ATG,Thrombosis,4,Ly6G,0006,12,286.69135802469134,223.78395061728395,7
12081,ATG,Thrombosis,4,Ly6G,0007,12,286.840490797546,223.96319018404907,8
12081,ATG,Thrombosis,4,Ly6G,0008,12,286.48192771084337,223.70481927710844,9
12081,ATG,Thrombosis,4,Ly6G,0009,12,286.2848837209302,223.65116279069767,10
12081,ATG,Thrombosis,4,Ly6G,0000,13,435.8333333333333,226.84722222222223,1
12081,ATG,Thrombosis,4,Ly6G,0001,13,435.4875,227.4625,2
12081,ATG,Thrombosis,4,Ly6G,0002,13,435.421686746988,227.53012048192772,3
12081,ATG,Thrombosis,4,Ly6G,0003,13,435.4415584415584,227.8051948051948,4
12081,ATG,Thrombosis,4,Ly6G,0004,13,435.3283582089553,227.29850746268656,5
12081,ATG,Thrombosis,4,Ly6G,0005,13,434.8918918918919,227.67567567567568,6
12081,ATG,Thrombosis,4,Ly6G,0006,13,435.08,227.18666666666667,7
12081,ATG,Thrombosis,4,Ly6G,0007,13,434.8666666666667,227.72,8
12081,ATG,Thrombosis,4,Ly6G,0008,13,434.98591549295776,227.7887323943662,9
12081,ATG,Thrombosis,4,Ly6G,0009,13,435.2307692307692,227.51282051282053,10
12081,ATG,Thrombosis,4,Ly6G,0000,14,336.79787234042556,237.54255319148936,1
12081,ATG,Thrombosis,4,Ly6G,0001,14,336.6595744680851,237.32978723404256,2
12081,ATG,Thrombosis,4,Ly6G,0002,14,336.9655172413793,237.49425287356323,3
12081,ATG,Thrombosis,4,Ly6G,0003,14,336.8488372093023,237.59302325581396,4
12081,ATG,Thrombosis,4,Ly6G,0004,14,336.83505154639175,237.68041237113405,5
12081,ATG,Thrombosis,4,Ly6G,0005,14,336.72340425531917,237.4787234042553,6
12081,ATG,Thrombosis,4,Ly6G,0006,14,336.5851063829787,237.5,7
12081,ATG,Thrombosis,4,Ly6G,0007,14,336.7362637362637,237.5054945054945,8
12081,ATG,Thrombosis,4,Ly6G,0008,14,336.7391304347826,237.44565217391303,9
12081,ATG,Thrombosis,4,Ly6G,0009,14,336.78494623655916,237.53763440860217,10
12081,ATG,Thrombosis,4,Ly6G,0000,15,119.51336898395722,236.1176470588235,1
12081,ATG,Thrombosis,4,Ly6G,0001,15,119.33149171270718,235.9668508287293,2
12081,ATG,Thrombosis,4,Ly6G,0002,15,119.45945945945944,236.0648648648649,3
12081,ATG,Thrombosis,4,Ly6G,0003,15,119.4973544973545,235.75661375661377,4
12081,ATG,Thrombosis,4,Ly6G,0004,15,119.3913043478261,235.82608695652175,5
12081,ATG,Thrombosis,4,Ly6G,0005,15,119.58638743455498,235.63874345549735,6
12081,ATG,Thrombosis,4,Ly6G,0006,15,119.50510204081633,235.73979591836735,7
12081,ATG,Thrombosis,4,Ly6G,0007,15,119.46907216494846,235.52061855670104,8
12081,ATG,Thrombosis,4,Ly6G,0008,15,119.36734693877553,235.6887755102041,9
12081,ATG,Thrombosis,4,Ly6G,0009,15,119.70103092783503,235.48453608247425,10
12081,ATG,Thrombosis,4,Ly6G,0000,16,275.41379310344826,282.5977011494253,1
12081,ATG,Thrombosis,4,Ly6G,0001,16,275.4736842105263,283.33684210526314,2
12081,ATG,Thrombosis,4,Ly6G,0002,16,275.61224489795916,283.8061224489796,3
12081,ATG,Thrombosis,4,Ly6G,0003,16,275.5111111111111,282.84444444444443,4
12081,ATG,Thrombosis,4,Ly6G,0004,16,275.6041666666667,283.1770833333333,5
12081,ATG,Thrombosis,4,Ly6G,0005,16,275.8018867924528,283.83962264150944,6
12081,ATG,Thrombosis,4,Ly6G,0006,16,275.55445544554453,283.36633663366337,7
12081,ATG,Thrombosis,4,Ly6G,0007,16,275.68888888888887,283.1777777777778,8
12081,ATG,Thrombosis,4,Ly6G,0008,16,275.34375,282.96875,9
12081,ATG,Thrombosis,4,Ly6G,0009,16,275.01149425287355,282.5057471264368,10
12081,ATG,Thrombosis,4,Ly6G,0000,17,380.2383177570093,305.98130841121497,1
12081,ATG,Thrombosis,4,Ly6G,0001,17,380.19730941704034,305.94170403587447,2
12081,ATG,Thrombosis,4,Ly6G,0002,17,379.9136363636364,305.8636363636364,3
12081,ATG,Thrombosis,4,Ly6G,0003,17,379.8075117370892,306.17840375586854,4
12081,ATG,Thrombosis,4,Ly6G,0004,17,380.0046948356808,305.90140845070425,5
12081,ATG,Thrombosis,4,Ly6G,0005,17,380.04587155963304,306.1743119266055,6
12081,ATG,Thrombosis,4,Ly6G,0006,17,380.18226600985224,306.38916256157637,7
12081,ATG,Thrombosis,4,Ly6G,0007,17,379.9406392694064,306.01826484018267,8
12081,ATG,Thrombosis,4,Ly6G,0008,17,380.480198019802,306.34158415841586,9
12081,ATG,Thrombosis,4,Ly6G,0009,17,379.8009259259259,306.09722222222223,10
12081,ATG,Thrombosis,4,Ly6G,0000,18,437.64827586206894,371.36551724137934,1
12081,ATG,Thrombosis,4,Ly6G,0001,18,437.68,371.1,2
12081,ATG,Thrombosis,4,Ly6G,0002,18,438.5515463917526,373.00515463917526,3
12081,ATG,Thrombosis,4,Ly6G,0003,18,439.47596153846155,373.9567307692308,4
12081,ATG,Thrombosis,4,Ly6G,0004,18,438.88421052631577,373.3,5
12081,ATG,Thrombosis,4,Ly6G,0005,18,438.765306122449,373.4183673469388,6
12081,ATG,Thrombosis,4,Ly6G,0006,18,438.819587628866,373.3814432989691,7
12081,ATG,Thrombosis,4,Ly6G,0007,18,437.42105263157896,371.17105263157896,8
12081,ATG,Thrombosis,4,Ly6G,0008,18,437.7621951219512,372.0060975609756,9
12081,ATG,Thrombosis,4,Ly6G,0009,18,437.69879518072287,371.98192771084337,10
12081,ATG,Thrombosis,4,Ly6G,0000,19,449.4338624338624,384.6137566137566,1
12081,ATG,Thrombosis,4,Ly6G,0001,19,449.09178743961354,384.5458937198068,2
12081,ATG,Thrombosis,4,Ly6G,0002,19,450.6545454545454,385.6242424242424,3
12081,ATG,Thrombosis,4,Ly6G,0003,19,451.5149253731343,386.2985074626866,4
12081,ATG,Thrombosis,4,Ly6G,0004,19,451.0431654676259,385.9928057553957,5
12081,ATG,Thrombosis,4,Ly6G,0005,19,450.82876712328766,385.7054794520548,6
12081,ATG,Thrombosis,4,Ly6G,0006,19,450.9310344827586,385.70344827586206,7
12081,ATG,Thrombosis,4,Ly6G,0007,19,448.66985645933016,384.35406698564594,8
12081,ATG,Thrombosis,4,Ly6G,0008,19,449.623595505618,384.8258426966292,9
12081,ATG,Thrombosis,4,Ly6G,0009,19,449.5326086956522,384.8478260869565,10
12081,ATG,Thrombosis,4,Ly6G,0000,20,456.1056338028169,482.01408450704224,1
12081,ATG,Thrombosis,4,Ly6G,0001,20,456.28275862068966,482.0551724137931,2
12081,ATG,Thrombosis,4,Ly6G,0002,20,456.0652173913044,482.036231884058,3
12081,ATG,Thrombosis,4,Ly6G,0003,20,455.8776978417266,481.9136690647482,4
12081,ATG,Thrombosis,4,Ly6G,0004,20,455.86394557823127,482.1700680272109,5
12081,ATG,Thrombosis,4,Ly6G,0005,20,456.2344827586207,482.3172413793104,6
12081,ATG,Thrombosis,4,Ly6G,0006,20,455.9154929577465,482.2464788732394,7
12081,ATG,Thrombosis,4,Ly6G,0007,20,455.97872340425533,482.2127659574468,8
12081,ATG,Thrombosis,4,Ly6G,0008,20,455.9154929577465,482.3169014084507,9
12081,ATG,Thrombosis,4,Ly6G,0009,20,455.80272108843536,482.3061224489796,10
12081,ATG,Thrombosis,4,Ly6G,0004,21,26.955974842767297,9,1
12081,ATG,Thrombosis,4,Ly6G,0005,21,26.769736842105264,9.269736842105264,2
12081,ATG,Thrombosis,4,Ly6G,0006,21,26.43421052631579,8.828947368421053,3
12081,ATG,Thrombosis,4,Ly6G,0007,21,26.642384105960264,9.026490066225165,4
12081,ATG,Thrombosis,5,Ly6G,0000,1,170.8448275862069,81.95689655172414,1
12081,ATG,Thrombosis,5,Ly6G,0001,1,170.8053097345133,82.04424778761062,2
12081,ATG,Thrombosis,5,Ly6G,0002,1,170.91596638655463,82.3781512605042,3
12081,ATG,Thrombosis,5,Ly6G,0003,1,171.02586206896552,82.14655172413794,4
12081,ATG,Thrombosis,5,Ly6G,0004,1,170.8148148148148,82.03703703703704,5
12081,ATG,Thrombosis,5,Ly6G,0005,1,170.92105263157896,81.98245614035088,6
12081,ATG,Thrombosis,5,Ly6G,0006,1,170.91129032258064,81.8225806451613,7
12081,ATG,Thrombosis,5,Ly6G,0007,1,170.77685950413223,82.01652892561984,8
12081,ATG,Thrombosis,5,Ly6G,0008,1,170.47899159663865,82.15126050420169,9
12081,ATG,Thrombosis,5,Ly6G,0009,1,170.7913043478261,81.860869565217385,10
12081,ATG,Thrombosis,5,Ly6G,0000,2,234.67281105990784,159.18433179723502,1
12081,ATG,Thrombosis,5,Ly6G,0001,2,234.6990291262136,159.53398058252426,2
12081,ATG,Thrombosis,5,Ly6G,0002,2,234.4147465437788,159.23041474654377,3
12081,ATG,Thrombosis,5,Ly6G,0003,2,234.26190476190476,158.97619047619048,4
12081,ATG,Thrombosis,5,Ly6G,0004,2,233.96534653465343,158.73267326732673,5
12081,ATG,Thrombosis,5,Ly6G,0005,2,233.83084577114428,158.6417910447761,6
12081,ATG,Thrombosis,5,Ly6G,0006,2,233.49302325581397,158.1860465116279,7
12081,ATG,Thrombosis,5,Ly6G,0007,2,233.24875621890547,157.9402985074627,8
12081,ATG,Thrombosis,5,Ly6G,0008,2,233.27722772277227,158.03465346534654,9
12081,ATG,Thrombosis,5,Ly6G,0009,2,233.06698564593304,157.67942583732057,10
12081,ATG,Thrombosis,5,Ly6G,0000,3,262.61333333333334,195.81333333333333,1
12081,ATG,Thrombosis,5,Ly6G,0001,3,262.60869565217394,195.8695652173913,2
12081,ATG,Thrombosis,5,Ly6G,0002,3,262.8,195.775,3
12081,ATG,Thrombosis,5,Ly6G,0003,3,262.19736842105266,195.57894736842104,4
12081,ATG,Thrombosis,5,Ly6G,0004,3,262.12857142857143,195.21428571428572,5
12081,ATG,Thrombosis,5,Ly6G,0005,3,262.28205128205127,195.7051282051282,6
12081,ATG,Thrombosis,5,Ly6G,0006,3,262.3,195.475,7
12081,ATG,Thrombosis,5,Ly6G,0007,3,262.5897435897436,196,8
12081,ATG,Thrombosis,5,Ly6G,0008,3,262.05333333333334,195.12,9
12081,ATG,Thrombosis,5,Ly6G,0009,3,262,195.8108108108108,10
12081,ATG,Thrombosis,5,Ly6G,0000,4,461.90683229813664,273.37888198757764,1
12081,ATG,Thrombosis,5,Ly6G,0001,4,461.80838323353294,273.4431137724551,2
12081,ATG,Thrombosis,5,Ly6G,0002,4,461.6941176470588,273.25882352941176,3
12081,ATG,Thrombosis,5,Ly6G,0003,4,461.5374149659864,273.5034013605442,4
12081,ATG,Thrombosis,5,Ly6G,0004,4,464.0515463917526,271.7216494845361,5
12081,ATG,Thrombosis,5,Ly6G,0005,4,461.6948051948052,273.33116883116884,6
12081,ATG,Thrombosis,5,Ly6G,0006,4,462.3900709219858,272.63120567375887,7
12081,ATG,Thrombosis,5,Ly6G,0007,4,461.6158536585366,273.2621951219512,8
12081,ATG,Thrombosis,5,Ly6G,0008,4,461.92,273.22,9
12081,ATG,Thrombosis,5,Ly6G,0009,4,461.44444444444446,272.7716049382716,10
12081,ATG,Thrombosis,5,Ly6G,0000,5,273.6,273.9851851851852,1
12081,ATG,Thrombosis,5,Ly6G,0001,5,273.3829787234043,274.01418439716315,2
12081,ATG,Thrombosis,5,Ly6G,0002,5,273.4055944055944,273.93706293706293,3
12081,ATG,Thrombosis,5,Ly6G,0003,5,273.49295774647885,274.0633802816901,4
12081,ATG,Thrombosis,5,Ly6G,0004,5,273.5967741935484,273.9758064516129,5
12081,ATG,Thrombosis,5,Ly6G,0005,5,273.5806451612903,273.9032258064516,6
12081,ATG,Thrombosis,5,Ly6G,0006,5,273.171875,273.7578125,7
12081,ATG,Thrombosis,5,Ly6G,0007,5,273.2112676056338,274.0211267605634,8
12081,ATG,Thrombosis,5,Ly6G,0008,5,273.30827067669173,273.8721804511278,9
12081,ATG,Thrombosis,5,Ly6G,0009,5,273.04477611940297,273.7164179104478,10
12081,ATG,Thrombosis,5,Ly6G,0000,6,309.3068181818182,309.60227272727275,1
12081,ATG,Thrombosis,5,Ly6G,0001,6,309.42857142857144,309.8241758241758,2
12081,ATG,Thrombosis,5,Ly6G,0002,6,309.3030303030303,309.95959595959596,3
12081,ATG,Thrombosis,5,Ly6G,0003,6,309.746835443038,309.40506329113924,4
12081,ATG,Thrombosis,5,Ly6G,0004,6,309.7241379310345,309.5632183908046,5
12081,ATG,Thrombosis,5,Ly6G,0005,6,310.2105263157895,309.3421052631579,6
12081,ATG,Thrombosis,5,Ly6G,0006,6,309.6808510638298,309.59574468085106,7
12081,ATG,Thrombosis,5,Ly6G,0007,6,309.4555555555556,309.2111111111111,8
12081,ATG,Thrombosis,5,Ly6G,0008,6,309.2156862745098,309.53921568627453,9
12081,ATG,Thrombosis,5,Ly6G,0009,6,309.6842105263158,309.4736842105263,10
12081,ATG,Thrombosis,5,Ly6G,0000,7,286.03980099502485,312.2686567164179,1
12081,ATG,Thrombosis,5,Ly6G,0001,7,286.16243654822335,312.16243654822335,2
12081,ATG,Thrombosis,5,Ly6G,0002,7,286.16326530612247,312.1479591836735,3
12081,ATG,Thrombosis,5,Ly6G,0003,7,285.91959798994975,312.27638190954775,4
12081,ATG,Thrombosis,5,Ly6G,0004,7,285.9183673469388,312.42857142857144,5
12081,ATG,Thrombosis,5,Ly6G,0005,7,285.7437185929648,312.34170854271355,6
12081,ATG,Thrombosis,5,Ly6G,0006,7,285.6078431372549,312.30882352941177,7
12081,ATG,Thrombosis,5,Ly6G,0007,7,285.5857142857143,312.1952380952381,8
12081,ATG,Thrombosis,5,Ly6G,0008,7,285.9059405940594,312.21287128712873,9
12081,ATG,Thrombosis,5,Ly6G,0009,7,285.73809523809524,312.4047619047619,10
12081,ATG,Thrombosis,5,Ly6G,0001,8,268.5098039215686,287.6666666666667,1
12081,ATG,Thrombosis,5,Ly6G,0002,8,271.8,287.6125,2
12081,ATG,Thrombosis,5,Ly6G,0003,8,268.8301886792453,287.66037735849056,3
12081,ATG,Thrombosis,5,Ly6G,0005,9,272.90434782608696,288.9913043478261,1
12081,ATG,Thrombosis,5,Ly6G,0006,9,276.14285714285717,289.42857142857144,2
12081,ATG,Thrombosis,5,Ly6G,0007,9,275.7846153846154,289.66153846153844,3
12081,ATG,Thrombosis,5,Ly6G,0008,9,272.6475409836066,288.62295081967216,4
12081,ATG,Thrombosis,5,Ly6G,0009,9,272.8141592920354,289.6814159292035,5
12081,ATG,NonThrombosis,7,Ly6G,0000,1,66.06896551724138,50.77586206896552,1
12081,ATG,NonThrombosis,7,Ly6G,0001,1,65.77358490566037,50.320754716981135,2
12081,ATG,NonThrombosis,7,Ly6G,0003,1,65.77358490566037,50.679245283018865,3
12081,ATG,NonThrombosis,7,Ly6G,0004,1,65.83333333333333,50.370370370370374,4
12081,ATG,NonThrombosis,7,Ly6G,0005,1,65.3157894736842,48.45614035087719,5
12081,ATG,NonThrombosis,7,Ly6G,0006,1,65.54444444444445,49.8,6
12081,ATG,NonThrombosis,7,Ly6G,0007,1,65.04225352112677,47.63380281690141,7
12081,ATG,NonThrombosis,7,Ly6G,0008,1,65.52941176470588,50.490196078431374,8
12081,ATG,NonThrombosis,7,Ly6G,0009,1,65.69014084507042,48.690140845070424,9
12081,ATG,NonThrombosis,7,Ly6G,0000,2,80.09604519774011,61.71186440677966,1
12081,ATG,NonThrombosis,7,Ly6G,0001,2,80.19428571428571,61.81142857142857,2
12081,ATG,NonThrombosis,7,Ly6G,0002,2,80.2485549132948,61.90173410404624,3
12081,ATG,NonThrombosis,7,Ly6G,0003,2,79.63687150837988,61.608938547486034,4
12081,ATG,NonThrombosis,7,Ly6G,0004,2,79.5297619047619,61.351190476190474,5
12081,ATG,NonThrombosis,7,Ly6G,0005,2,80.89473684210526,60.37894736842105,6
12081,ATG,NonThrombosis,7,Ly6G,0006,2,79.87078651685393,61.831460674157306,7
12081,ATG,NonThrombosis,7,Ly6G,0007,2,74.53164556962025,55.35443037974684,8
12081,ATG,NonThrombosis,7,Ly6G,0007,2,82.15441176470588,62.955882352941174,8
12081,ATG,NonThrombosis,7,Ly6G,0008,2,79.5,61.36046511627907,9
12081,ATG,NonThrombosis,7,Ly6G,0009,2,79.71195652173913,61.05434782608695,10
12081,ATG,NonThrombosis,7,Ly6G,0000,3,54.302083333333336,80.59375,1
12081,ATG,NonThrombosis,7,Ly6G,0001,3,46.22330097087379,73.49514563106796,2
12081,ATG,NonThrombosis,7,Ly6G,0002,3,33.4,61.92,3
12081,ATG,NonThrombosis,7,Ly6G,0003,3,16.708333333333332,81.86111111111111,4
12081,ATG,NonThrombosis,7,Ly6G,0004,3,19.401459854014597,78.65328467153284,5
12081,ATG,NonThrombosis,7,Ly6G,0005,3,20.798319327731093,79.47899159663865,6
12081,ATG,NonThrombosis,7,Ly6G,0006,3,15.218390804597702,73.65517241379311,7
12081,ATG,NonThrombosis,7,Ly6G,0000,4,32.11515151515152,96.65454545454546,1
12081,ATG,NonThrombosis,7,Ly6G,0001,4,28.945652173913043,94.71195652173913,2
12081,ATG,NonThrombosis,7,Ly6G,0002,4,27.237179487179485,92,3
12081,ATG,NonThrombosis,7,Ly6G,0003,4,24.39814814814815,87.26851851851852,4
12081,ATG,NonThrombosis,7,Ly6G,0000,5,82.57142857142857,138.32467532467533,1
12081,ATG,NonThrombosis,7,Ly6G,0001,5,68.43333333333334,119.46666666666668,2
12081,ATG,NonThrombosis,7,Ly6G,0002,5,60.706896551724135,112.08620689655172,3
12081,ATG,NonThrombosis,7,Ly6G,0003,5,44.108108108108105,100.56756756756756,4
12081,ATG,NonThrombosis,7,Ly6G,0004,5,64.07272727272728,130.63636363636363,5
12081,ATG,NonThrombosis,7,Ly6G,0005,5,57.80882352941177,124.01470588235294,6
12081,ATG,NonThrombosis,7,Ly6G,0006,5,47.027027027027025,113.64864864864865,7
12081,ATG,NonThrombosis,7,Ly6G,0007,5,42.12162162162162,110.01351351351352,8
12081,ATG,NonThrombosis,7,Ly6G,0008,5,41.424,109.432,9
12081,ATG,NonThrombosis,7,Ly6G,0009,5,34.859154929577464,103.43661971830986,10
12081,ATG,NonThrombosis,7,Ly6G,0000,6,177.5205479452055,161.5205479452055,1
12081,ATG,NonThrombosis,7,Ly6G,0001,6,169.45263157894738,152.52631578947367,2
12081,ATG,NonThrombosis,7,Ly6G,0002,6,153.43956043956044,139.5054945054945,3
12081,ATG,NonThrombosis,7,Ly6G,0003,6,150.08536585365854,136.26829268292684,4
12081,ATG,NonThrombosis,7,Ly6G,0004,6,146.6951219512195,132.91463414634146,5
12081,ATG,NonThrombosis,7,Ly6G,0005,6,142.875,128.3068181818182,6
12081,ATG,NonThrombosis,7,Ly6G,0006,6,139.4193548387097,123.80645161290325,7
12081,ATG,NonThrombosis,7,Ly6G,0007,6,137.36,121.34,8
12081,ATG,NonThrombosis,7,Ly6G,0008,6,131.23469387755102,114.74489795918367,9
12081,ATG,NonThrombosis,7,Ly6G,0009,6,126.44680851063828,107.80851063829788,10
12081,ATG,NonThrombosis,7,Ly6G,0000,7,205.68354430379748,189.17088607594937,1
12081,ATG,NonThrombosis,7,Ly6G,0001,7,201.7953216374269,186.5438596491228,2
12081,ATG,NonThrombosis,7,Ly6G,0002,7,198.37234042553192,184.18085106382975,3
12081,ATG,NonThrombosis,7,Ly6G,0003,7,189.34285714285716,172.5,4
12081,ATG,NonThrombosis,7,Ly6G,0003,7,197.0952380952381,185.13492063492063,4
12081,ATG,NonThrombosis,7,Ly6G,0004,7,185.53333333333333,168.5888888888889,5
12081,ATG,NonThrombosis,7,Ly6G,0004,7,196.10256410256412,184.9145299145299,5
12081,ATG,NonThrombosis,7,Ly6G,0005,7,179.5,162.85294117647058,6
12081,ATG,NonThrombosis,7,Ly6G,0005,7,195.55555555555551,184.75213675213675,6
12081,ATG,NonThrombosis,7,Ly6G,0006,7,165.0958904109589,148.12328767123287,7
12081,ATG,NonThrombosis,7,Ly6G,0006,7,194.80672268907563,184.3613445378151,7
12081,ATG,NonThrombosis,7,Ly6G,0007,7,152.83783783783784,137.51351351351352,8
12081,ATG,NonThrombosis,7,Ly6G,0007,7,193.7094017094017,184.3931623931624,8
12081,ATG,NonThrombosis,7,Ly6G,0008,7,147.01666666666668,132.81666666666666,9
12081,ATG,NonThrombosis,7,Ly6G,0008,7,192.1818181818182,184.01818181818183,9
12081,ATG,NonThrombosis,7,Ly6G,0009,7,141.76,125.4,10
12081,ATG,NonThrombosis,7,Ly6G,0009,7,187.75510204081633,182.1326530612245,10
12081,ATG,NonThrombosis,7,Ly6G,0000,10,266.5684210526316,321.77894736842103,1
12081,ATG,NonThrombosis,7,Ly6G,0001,10,265.5934065934066,320.75824175824175,2
12081,ATG,NonThrombosis,7,Ly6G,0002,10,264.8666666666667,319.81111111111113,3
12081,ATG,NonThrombosis,7,Ly6G,0003,10,264.49484536082474,318.5773195876289,4
12081,ATG,NonThrombosis,7,Ly6G,0004,10,263.98809523809524,315.89285714285717,5
12081,ATG,NonThrombosis,7,Ly6G,0005,10,262.4567901234568,314.77777777777777,6
12081,ATG,NonThrombosis,7,Ly6G,0000,11,336.94565217391306,324.89130434782606,1
12081,ATG,NonThrombosis,7,Ly6G,0001,11,337.010989010989,325.3296703296703,2
12081,ATG,NonThrombosis,7,Ly6G,0002,11,337.04395604395603,324.9340659340659,3
12081,ATG,NonThrombosis,7,Ly6G,0003,11,337.05263157894734,324.7684210526316,4
12081,ATG,NonThrombosis,7,Ly6G,0004,11,337.03225806451616,324.60215053763443,5
12081,ATG,NonThrombosis,7,Ly6G,0005,11,336.94736842105266,324.7578947368421,6
12081,ATG,NonThrombosis,7,Ly6G,0006,11,336.9891304347826,324.69565217391306,7
12081,ATG,NonThrombosis,7,Ly6G,0007,11,337.0430107526882,324.6774193548387,8
12081,ATG,NonThrombosis,7,Ly6G,0008,11,338.01724137931035,328.3103448275862,9
12081,ATG,NonThrombosis,7,Ly6G,0009,11,337.55214723926383,327.9079754601227,10
12081,ATG,NonThrombosis,7,Ly6G,0000,12,329.13978494623655,343.38709677419354,1
12081,ATG,NonThrombosis,7,Ly6G,0001,12,329.1333333333333,343.93333333333334,2
12081,ATG,NonThrombosis,7,Ly6G,0002,12,328.95402298850576,343.6666666666667,3
12081,ATG,NonThrombosis,7,Ly6G,0003,12,328.8510638297872,343.51063829787233,4
12081,ATG,NonThrombosis,7,Ly6G,0004,12,328.94505494505495,342.9230769230769,5
12081,ATG,NonThrombosis,7,Ly6G,0005,12,328.43023255813955,342.93023255813955,6
12081,ATG,NonThrombosis,7,Ly6G,0006,12,328.3820224719101,342.7977528089888,7
12081,ATG,NonThrombosis,7,Ly6G,0007,12,328.4639175257732,342.659793814433,8
12081,ATG,NonThrombosis,7,Ly6G,0008,12,328.21649484536084,342.5360824742268,9
12081,ATG,NonThrombosis,7,Ly6G,0009,12,328.03225806451616,342.80645161290323,10
12081,ATG,NonThrombosis,7,Ly6G,0000,13,390.5245901639344,357.0983606557377,1
12081,ATG,NonThrombosis,7,Ly6G,0001,13,390.1525423728813,357.2881355932203,2
12081,ATG,NonThrombosis,7,Ly6G,0003,13,390.12280701754383,357,3
12081,ATG,NonThrombosis,7,Ly6G,0004,13,395.5963302752294,377.08256880733944,4
12081,ATG,NonThrombosis,7,Ly6G,0005,13,392.6422018348624,356.8073394495413,4
12081,ATG,NonThrombosis,7,Ly6G,0005,13,382.635593220339,365.8220338983051,5
12081,ATG,NonThrombosis,7,Ly6G,0006,13,392.98473282442745,355.7328244274809,5
12081,ATG,NonThrombosis,7,Ly6G,0006,13,386.93693693693695,405.7837837837838,6
12081,ATG,NonThrombosis,7,Ly6G,0007,13,390.08474576271186,356.5593220338983,6
12081,ATG,NonThrombosis,7,Ly6G,0007,13,383.4117647058824,398.6078431372549,7
12081,ATG,NonThrombosis,7,Ly6G,0008,13,390.09090909090907,356.4,7
12081,ATG,NonThrombosis,7,Ly6G,0008,13,378.3796296296296,392.3425925925926,8
12081,ATG,NonThrombosis,7,Ly6G,0009,13,389.9642857142857,356.60714285714283,8
12081,ATG,NonThrombosis,7,Ly6G,0009,13,372.7604166666667,380.2395833333333,9
12081,ATG,NonThrombosis,7,Ly6G,0000,14,330.8421052631579,372.69736842105266,1
12081,ATG,NonThrombosis,7,Ly6G,0001,14,330.0281690140845,372.90140845070425,2
12081,ATG,NonThrombosis,7,Ly6G,0003,14,329.2769230769231,372.0769230769231,3
12081,ATG,NonThrombosis,7,Ly6G,0004,14,329.0483870967742,371.93548387096774,4
12081,ATG,NonThrombosis,7,Ly6G,0005,14,329.6862745098039,372.8235294117647,5
12081,ATG,NonThrombosis,7,Ly6G,0006,14,328.4,371.41818181818184,6
12081,ATG,NonThrombosis,7,Ly6G,0007,14,328.44444444444446,371.36507936507934,7
12081,ATG,NonThrombosis,7,Ly6G,0008,14,332.5238095238095,370.7482993197279,8
12081,ATG,NonThrombosis,7,Ly6G,0009,14,325.03614457831327,354.9277108433735,9
12081,ATG,NonThrombosis,7,Ly6G,0009,14,328.27272727272725,371.4848484848485,9
12081,ATG,NonThrombosis,7,Ly6G,0000,15,365.4148936170213,399.8191489361702,1
12081,ATG,NonThrombosis,7,Ly6G,0001,15,363.74444444444447,395.77777777777777,2
12081,ATG,NonThrombosis,7,Ly6G,0002,15,360.8648648648648,389.6216216216216,3
12081,ATG,NonThrombosis,7,Ly6G,0003,15,357.0243902439024,391.0853658536585,4
12081,ATG,NonThrombosis,7,Ly6G,0004,15,352.78125,388.9791666666667,5
12081,ATG,NonThrombosis,7,Ly6G,0005,15,347.74257425742576,384.8217821782178,6
12081,ATG,NonThrombosis,7,Ly6G,0006,15,344.3020833333333,381.03125,7
12081,ATG,NonThrombosis,7,Ly6G,0007,15,339.84615384615387,377.2087912087912,8
12081,ATG,NonThrombosis,7,Ly6G,0000,16,377.7380952380952,408.8809523809524,1
12081,ATG,NonThrombosis,7,Ly6G,0001,16,377.7661290322581,408.9516129032258,2
12081,ATG,NonThrombosis,7,Ly6G,0002,16,377.6967213114754,408.2377049180328,3
12081,ATG,NonThrombosis,7,Ly6G,0003,16,377.53225806451616,407.85483870967744,4
12081,ATG,NonThrombosis,7,Ly6G,0004,16,378.03125,407.765625,5
12081,ATG,NonThrombosis,7,Ly6G,0005,16,381.9,408.68333333333334,6
12081,ATG,NonThrombosis,7,Ly6G,0006,16,376.0493273542601,411.2017937219731,7
12081,ATG,NonThrombosis,7,Ly6G,0007,16,375.5533980582524,403.7281553398058,8
12081,ATG,NonThrombosis,7,Ly6G,0000,17,352.11174785100286,413.7163323782235,1
12081,ATG,NonThrombosis,7,Ly6G,0001,17,350.64462809917353,414.6694214876033,2
12081,ATG,NonThrombosis,7,Ly6G,0002,17,349.91803278688525,412.6775956284153,3
12081,ATG,NonThrombosis,7,Ly6G,0003,17,349.38196286472146,412.1140583554377,4
12081,ATG,NonThrombosis,7,Ly6G,0004,17,349.84375,411.95454545454544,5
12081,ATG,NonThrombosis,7,Ly6G,0005,17,349.85593220338984,411.7316384180791,6
12081,ATG,NonThrombosis,7,Ly6G,0006,17,349.37168141592923,410.9233038348083,7
12081,ATG,NonThrombosis,7,Ly6G,0007,17,354.0678391959799,410.6934673366834,8
12081,ATG,NonThrombosis,7,Ly6G,0008,17,354.8813131313131,412.37626262626264,9
12081,ATG,NonThrombosis,7,Ly6G,0009,17,361.1761363636364,410.57102272727275,10
12081,ATG,NonThrombosis,7,Ly6G,0000,18,417.05405405405406,417.97297297297297,1
12081,ATG,NonThrombosis,7,Ly6G,0001,18,417.1315789473685,417.8815789473685,2
12081,ATG,NonThrombosis,7,Ly6G,0002,18,414.1017699115045,419.1371681415929,3
12081,ATG,NonThrombosis,7,Ly6G,0003,18,417.4230769230769,417.2564102564103,4
12081,ATG,NonThrombosis,7,Ly6G,0004,18,417.44444444444446,416.4583333333333,5
12081,ATG,NonThrombosis,7,Ly6G,0005,18,417.7133333333333,416.54,6
12081,ATG,NonThrombosis,7,Ly6G,0006,18,417.44776119402985,415.2910447761194,7
12081,ATG,NonThrombosis,7,Ly6G,0007,18,417.3414634146341,412.2764227642276,8
12081,ATG,NonThrombosis,7,Ly6G,0008,18,417.6934306569343,413.8029197080292,9
12081,ATG,NonThrombosis,7,Ly6G,0009,18,417.47014925373134,413.45522388059703,10
12081,ATG,NonThrombosis,7,Ly6G,0000,19,381.4103896103896,437.5220779220779,1
12081,ATG,NonThrombosis,7,Ly6G,0001,19,381.80555555555554,433.89646464646466,2
12081,ATG,NonThrombosis,7,Ly6G,0002,19,376.37142857142857,435.0238095238095,3
12081,ATG,NonThrombosis,7,Ly6G,0003,19,390.73333333333335,421.53333333333336,3
12081,ATG,NonThrombosis,7,Ly6G,0003,19,382.92727272727274,427.05454545454546,3
12081,ATG,NonThrombosis,7,Ly6G,0003,19,374.3455497382199,434.607329842932,4
12081,ATG,NonThrombosis,7,Ly6G,0004,19,388.0520833333333,412.1875,4
12081,ATG,NonThrombosis,7,Ly6G,0004,19,382.13392857142856,423.80357142857144,4
12081,ATG,NonThrombosis,7,Ly6G,0004,19,370.0045045045045,430.4054054054054,5
12081,ATG,NonThrombosis,7,Ly6G,0005,19,379.07758620689657,419.92241379310343,5
12081,ATG,NonThrombosis,7,Ly6G,0005,19,370.3139013452914,429.29596412556054,6
12081,ATG,NonThrombosis,7,Ly6G,0006,19,366.51162790697674,423.4496124031008,7
12081,ATG,NonThrombosis,7,Ly6G,0006,19,374.2682926829268,429.4634146341463,6
12081,ATG,NonThrombosis,7,Ly6G,0007,19,370.5566037735849,410.50943396226415,8
12081,ATG,NonThrombosis,7,Ly6G,0007,19,373.7596899224806,429.27906976744185,7
12081,ATG,NonThrombosis,7,Ly6G,0008,19,372.8663594470046,407.3041474654378,9
12081,ATG,NonThrombosis,7,Ly6G,0008,19,374.029702970297,430.8316831683168,8
12081,ATG,NonThrombosis,7,Ly6G,0009,19,373.03636363636366,401.55454545454546,10
12081,ATG,NonThrombosis,7,Ly6G,0009,19,373.86915887850466,430.98130841121497,9
12081,ATG,NonThrombosis,7,Ly6G,0000,20,351.4818181818182,443.44545454545454,1
12081,ATG,NonThrombosis,7,Ly6G,0001,20,351.45871559633025,443.394495412844,2
12081,ATG,NonThrombosis,7,Ly6G,0002,20,351.5769230769231,443.25,3
12081,ATG,NonThrombosis,7,Ly6G,0003,20,351.3727272727273,443.24545454545455,4
12081,ATG,NonThrombosis,7,Ly6G,0004,20,351.4642857142857,443.38392857142856,5
12081,ATG,NonThrombosis,7,Ly6G,0005,20,351.1442307692308,442.74038461538464,6
12081,ATG,NonThrombosis,7,Ly6G,0006,20,349.95180722891564,439.6385542168675,7
12081,ATG,NonThrombosis,7,Ly6G,0007,20,351.1904761904762,442.3047619047619,8
12081,ATG,NonThrombosis,7,Ly6G,0008,20,351.45535714285717,443.3392857142857,9
12081,ATG,NonThrombosis,7,Ly6G,0009,20,351.15238095238095,442.9904761904762,10
12081,ATG,NonThrombosis,7,Ly6G,0002,23,159.33823529411765,228,1
12081,ATG,NonThrombosis,7,Ly6G,0003,23,159.43055555555554,224.24305555555551,2
12081,ATG,NonThrombosis,7,Ly6G,0004,23,155.18269230769232,216.30769230769232,3
12081,ATG,NonThrombosis,7,Ly6G,0005,23,149.7719298245614,213.28070175438597,4
12081,ATG,NonThrombosis,7,Ly6G,0006,23,145.13924050632912,207.51898734177217,5
12081,ATG,NonThrombosis,7,Ly6G,0007,23,136.2077922077922,196.36363636363637,6
12081,ATG,NonThrombosis,7,Ly6G,0008,23,119.27536231884058,181.17391304347825,7
12081,ATG,NonThrombosis,7,Ly6G,0002,25,397.41379310344826,504.91379310344826,1
12081,ATG,NonThrombosis,7,Ly6G,0003,25,390.09090909090907,499.8571428571428,2
12081,ATG,NonThrombosis,7,Ly6G,0004,25,389.8382352941176,498.38235294117646,3
12081,ATG,NonThrombosis,7,Ly6G,0005,25,387.1578947368421,494.5,4
12081,ATG,NonThrombosis,7,Ly6G,0006,25,386.01408450704224,493.32394366197184,5
12081,ATG,NonThrombosis,7,Ly6G,0007,25,385.64864864864865,492.5675675675675,6
12081,ATG,NonThrombosis,7,Ly6G,0008,25,383.8,490.8,7
12081,ATG,NonThrombosis,7,Ly6G,0009,25,383.54545454545456,490.5584415584416,8
12081,ATG,NonThrombosis,7,Ly6G,0006,30,272.27,241.99,1
12081,ATG,NonThrombosis,7,Ly6G,0007,30,271.0842105263158,241.4,2
12081,ATG,NonThrombosis,7,Ly6G,0008,30,259.188679245283,235.56603773584905,3
12081,ATG,NonThrombosis,7,Ly6G,0009,30,258.9298245614035,231.80701754385964,4
12081,ATG,NonThrombosis,7,Ly6G,0006,31,248.875,300.0833333333333,1
12081,ATG,NonThrombosis,7,Ly6G,0007,31,231.85365853658536,283.4512195121951,2
12081,ATG,NonThrombosis,7,Ly6G,0008,31,224.51724137931035,275.17241379310343,3
12081,ATG,NonThrombosis,7,Ly6G,0009,31,219.59782608695653,269.2173913043478,4
12081,ATG,NonThrombosis,7,Ly6G,0007,34,376.91379310344826,468.7241379310345,1
12081,ATG,NonThrombosis,7,Ly6G,0008,34,373.84,460.49333333333334,2
12081,ATG,NonThrombosis,7,Ly6G,0009,34,371.65,458.7125,3
12081,ATG,NonThrombosis,8,Ly6G,0000,1,193.08235294117648,36.47058823529411,1
12081,ATG,NonThrombosis,8,Ly6G,0001,1,193.5,36.375,2
12081,ATG,NonThrombosis,8,Ly6G,0002,1,195.75842696629215,34.7752808988764,3
12081,ATG,NonThrombosis,8,Ly6G,0003,1,193.8452380952381,36.70238095238095,4
12081,ATG,NonThrombosis,8,Ly6G,0004,1,193.8757396449704,36.72781065088758,5
12081,ATG,NonThrombosis,8,Ly6G,0005,1,193.7869822485207,37.455621301775146,6
12081,ATG,NonThrombosis,8,Ly6G,0006,1,194.1301775147929,37.43195266272189,7
12081,ATG,NonThrombosis,8,Ly6G,0007,1,195.57142857142856,36.386243386243386,8
12081,ATG,NonThrombosis,8,Ly6G,0008,1,194.4882352941177,37.50588235294118,9
12081,ATG,NonThrombosis,8,Ly6G,0009,1,194.40718562874252,37.59880239520958,10
12081,ATG,NonThrombosis,8,Ly6G,0000,3,397.7846153846154,56.16923076923077,1
12081,ATG,NonThrombosis,8,Ly6G,0001,3,397.97058823529414,55.81372549019608,2
12081,ATG,NonThrombosis,8,Ly6G,0002,3,398.53932584269666,55.70786516853933,3
12081,ATG,NonThrombosis,8,Ly6G,0003,3,397.87786259541986,55.87786259541985,4
12081,ATG,NonThrombosis,8,Ly6G,0004,3,397.9922480620155,56.224806201550386,5
12081,ATG,NonThrombosis,8,Ly6G,0005,3,397.793893129771,56.43511450381679,6
12081,ATG,NonThrombosis,8,Ly6G,0006,3,396.8796296296296,57.53703703703704,7
12081,ATG,NonThrombosis,8,Ly6G,0007,3,397.71287128712873,57.10891089108911,8
12081,ATG,NonThrombosis,8,Ly6G,0008,3,397.873786407767,56.86407766990291,9
12081,ATG,NonThrombosis,8,Ly6G,0009,3,398.0819672131147,56.82786885245902,10
12081,ATG,NonThrombosis,8,Ly6G,0000,4,380.625,68.5,1
12081,ATG,NonThrombosis,8,Ly6G,0001,4,381.11290322580646,67.70967741935483,2
12081,ATG,NonThrombosis,8,Ly6G,0002,4,381.42105263157896,67.70175438596492,3
12081,ATG,NonThrombosis,8,Ly6G,0003,4,381.0519480519481,67.8961038961039,4
12081,ATG,NonThrombosis,8,Ly6G,0004,4,381.0123456790123,68.48148148148148,5
12081,ATG,NonThrombosis,8,Ly6G,0005,4,380.685393258427,69.20224719101124,6
12081,ATG,NonThrombosis,8,Ly6G,0006,4,380.68831168831167,69.25974025974025,7
12081,ATG,NonThrombosis,8,Ly6G,0007,4,380.78125,69.0625,8
12081,ATG,NonThrombosis,8,Ly6G,0008,4,381,69.52307692307693,9
12081,ATG,NonThrombosis,8,Ly6G,0009,4,380.9253731343284,69.26865671641791,10
12081,ATG,NonThrombosis,8,Ly6G,0000,5,408.39712918660285,77.52631578947368,1
12081,ATG,NonThrombosis,8,Ly6G,0001,5,409.3231707317073,76.72560975609755,2
12081,ATG,NonThrombosis,8,Ly6G,0001,5,400.2352941176471,85.92647058823529,2
12081,ATG,NonThrombosis,8,Ly6G,0002,5,409.3788819875776,76.90683229813665,3
12081,ATG,NonThrombosis,8,Ly6G,0002,5,400.21875,85.8125,3
12081,ATG,NonThrombosis,8,Ly6G,0003,5,408.8962264150944,77.43396226415095,4
12081,ATG,NonThrombosis,8,Ly6G,0004,5,407.5650406504065,78.8048780487805,5
12081,ATG,NonThrombosis,8,Ly6G,0005,5,408.38380281690144,78.16549295774648,6
12081,ATG,NonThrombosis,8,Ly6G,0006,5,407.1131221719457,79.16742081447964,7
12081,ATG,NonThrombosis,8,Ly6G,0007,5,407.34517766497464,79.18274111675127,8
12081,ATG,NonThrombosis,8,Ly6G,0008,5,407.5075376884422,78.87939698492463,9
12081,ATG,NonThrombosis,8,Ly6G,0009,5,407.8446601941747,78.33495145631068,10
12081,ATG,NonThrombosis,8,Ly6G,0000,6,383.5310734463277,88.32203389830508,1
12081,ATG,NonThrombosis,8,Ly6G,0001,6,383.9268292682927,88.54878048780488,2
12081,ATG,NonThrombosis,8,Ly6G,0002,6,384.26198083067095,88.15974440894568,3
12081,ATG,NonThrombosis,8,Ly6G,0003,6,385.6545454545454,88.81298701298701,4
12081,ATG,NonThrombosis,8,Ly6G,0004,6,383.8192771084337,89.37349397590361,5
12081,ATG,NonThrombosis,8,Ly6G,0005,6,383.51671732522794,89.97568389057751,6
12081,ATG,NonThrombosis,8,Ly6G,0006,6,383.7601246105919,89.93146417445483,7
12081,ATG,NonThrombosis,8,Ly6G,0007,6,384.1571906354515,90.11036789297658,8
12081,ATG,NonThrombosis,8,Ly6G,0008,6,384.071661237785,90.24104234527688,9
12081,ATG,NonThrombosis,8,Ly6G,0009,6,383.8832807570978,90.5615141955836,10
12081,ATG,NonThrombosis,8,Ly6G,0000,7,69.0952380952381,92.8452380952381,1
12081,ATG,NonThrombosis,8,Ly6G,0001,7,68.94805194805195,93.15584415584416,2
12081,ATG,NonThrombosis,8,Ly6G,0002,7,70.01123595505618,92.6741573033708,3
12081,ATG,NonThrombosis,8,Ly6G,0003,7,69.26190476190476,93,4
12081,ATG,NonThrombosis,8,Ly6G,0004,7,68.7,92.98181818181818,5
12081,ATG,NonThrombosis,8,Ly6G,0005,7,68.41,93.2,6
12081,ATG,NonThrombosis,8,Ly6G,0006,7,68.4375,92.86458333333331,7
12081,ATG,NonThrombosis,8,Ly6G,0007,7,68.01219512195122,92.36585365853658,8
12081,ATG,NonThrombosis,8,Ly6G,0008,7,68.35,92.8625,9
12081,ATG,NonThrombosis,8,Ly6G,0000,8,361.24675324675326,92.03896103896103,1
12081,ATG,NonThrombosis,8,Ly6G,0001,8,363.390243902439,95.41463414634148,2
12081,ATG,NonThrombosis,8,Ly6G,0002,8,364.64,98.06,3
12081,ATG,NonThrombosis,8,Ly6G,0003,8,364.54545454545456,98.93388429752066,4
12081,ATG,NonThrombosis,8,Ly6G,0004,8,364.57894736842104,99.24561403508773,5
12081,ATG,NonThrombosis,8,Ly6G,0005,8,364.3652173913043,99.417391304347845,6
12081,ATG,NonThrombosis,8,Ly6G,0006,8,361.13235294117646,119.07352941176472,7
12081,ATG,NonThrombosis,8,Ly6G,0007,8,361.125,126.95138888888889,8
12081,ATG,NonThrombosis,8,Ly6G,0008,8,360.027397260274,129.82876712328766,9
12081,ATG,NonThrombosis,8,Ly6G,0009,8,359.36805555555554,133.75,10
12081,ATG,NonThrombosis,8,Ly6G,0000,9,371.6532258064516,111.81451612903226,1
12081,ATG,NonThrombosis,8,Ly6G,0001,9,372.1140350877193,111.39473684210526,2
12081,ATG,NonThrombosis,8,Ly6G,0002,9,373.58252427184465,109.93203883495146,3
12081,ATG,NonThrombosis,8,Ly6G,0003,9,372.1025641025641,111.37606837606836,4
12081,ATG,NonThrombosis,8,Ly6G,0004,9,371.8677685950413,111.49586776859503,5
12081,ATG,NonThrombosis,8,Ly6G,0005,9,371.56,111.44,6
12081,ATG,NonThrombosis,8,Ly6G,0006,9,372.2153846153846,111.79230769230767,7
12081,ATG,NonThrombosis,8,Ly6G,0006,9,381.958904109589,117.65753424657534,6
12081,ATG,NonThrombosis,8,Ly6G,0007,9,372.1592920353982,111.60176991150442,8
12081,ATG,NonThrombosis,8,Ly6G,0007,9,375.8170731707317,126.10975609756098,7
12081,ATG,NonThrombosis,8,Ly6G,0008,9,372.25,111.48275862068964,9
12081,ATG,NonThrombosis,8,Ly6G,0008,9,373.89690721649487,134.5463917525773,8
12081,ATG,NonThrombosis,8,Ly6G,0009,9,372.09166666666664,111.63333333333334,10
12081,ATG,NonThrombosis,8,Ly6G,0009,9,372.7037037037037,138.80555555555554,9
12081,ATG,NonThrombosis,8,Ly6G,0000,10,355.8217054263566,116.5813953488372,1
12081,ATG,NonThrombosis,8,Ly6G,0001,10,355.921875,116.890625,2
12081,ATG,NonThrombosis,8,Ly6G,0002,10,358.2450980392157,115.32352941176472,3
12081,ATG,NonThrombosis,8,Ly6G,0003,10,356.1328125,117.796875,4
12081,ATG,NonThrombosis,8,Ly6G,0004,10,355.7851851851852,118.92592592592592,5
12081,ATG,NonThrombosis,8,Ly6G,0005,10,355.02985074626866,120.01492537313432,6
12081,ATG,NonThrombosis,8,Ly6G,0006,10,353,130.34677419354838,7
12081,ATG,NonThrombosis,8,Ly6G,0007,10,349.528,133.888,8
12081,ATG,NonThrombosis,8,Ly6G,0008,10,348.7704918032787,134.172131147541,9
12081,ATG,NonThrombosis,8,Ly6G,0009,10,348.975,134.875,10
12081,ATG,NonThrombosis,8,Ly6G,0000,11,326.4108527131783,153.50387596899225,1
12081,ATG,NonThrombosis,8,Ly6G,0001,11,326.8496240601504,153.46616541353384,2
12081,ATG,NonThrombosis,8,Ly6G,0002,11,327.06617647058823,153.24264705882354,3
12081,ATG,NonThrombosis,8,Ly6G,0003,11,326.64963503649636,153.45985401459853,4
12081,ATG,NonThrombosis,8,Ly6G,0004,11,326.23622047244095,153.30708661417322,5
12081,ATG,NonThrombosis,8,Ly6G,0005,11,327.9596774193548,152.38709677419354,6
12081,ATG,NonThrombosis,8,Ly6G,0006,11,326.4963503649635,154.23357664233578,7
12081,ATG,NonThrombosis,8,Ly6G,0007,11,326.41984732824426,154.206106870229,8
12081,ATG,NonThrombosis,8,Ly6G,0008,11,326.406015037594,154.17293233082708,9
12081,ATG,NonThrombosis,8,Ly6G,0009,11,326.48591549295776,154.51408450704224,10
12081,ATG,NonThrombosis,8,Ly6G,0000,12,333.09558823529414,164.75735294117646,1
12081,ATG,NonThrombosis,8,Ly6G,0001,12,332.10714285714283,165.3357142857143,2
12081,ATG,NonThrombosis,8,Ly6G,0002,12,331.9793103448276,165.31724137931033,3
12081,ATG,NonThrombosis,8,Ly6G,0003,12,332.18978102189783,165.06569343065692,4
12081,ATG,NonThrombosis,8,Ly6G,0004,12,331.6948051948052,165.33116883116884,5
12081,ATG,NonThrombosis,8,Ly6G,0005,12,333.56050955414014,164.76433121019107,6
12081,ATG,NonThrombosis,8,Ly6G,0006,12,332.03401360544217,166.00680272108843,7
12081,ATG,NonThrombosis,8,Ly6G,0007,12,331.9160839160839,166.0979020979021,8
12081,ATG,NonThrombosis,8,Ly6G,0008,12,331.9183673469388,166.24489795918367,9
12081,ATG,NonThrombosis,8,Ly6G,0009,12,332.231884057971,166.34782608695653,10
12081,ATG,NonThrombosis,8,Ly6G,0000,13,369.20454545454544,170.9848484848485,1
12081,ATG,NonThrombosis,8,Ly6G,0001,13,367.7638888888889,172.35416666666666,2
12081,ATG,NonThrombosis,8,Ly6G,0002,13,368.0352112676056,172.32394366197184,3
12081,ATG,NonThrombosis,8,Ly6G,0003,13,368.5869565217391,171.65942028985506,4
12081,ATG,NonThrombosis,8,Ly6G,0004,13,367.86092715231786,172.79470198675497,5
12081,ATG,NonThrombosis,8,Ly6G,0005,13,368.9254658385093,172.2111801242236,6
12081,ATG,NonThrombosis,8,Ly6G,0006,13,367.93706293706293,173.04195804195805,7
12081,ATG,NonThrombosis,8,Ly6G,0007,13,368.0921985815603,173.31205673758865,8
12081,ATG,NonThrombosis,8,Ly6G,0008,13,368.0416666666667,173.26388888888889,9
12081,ATG,NonThrombosis,8,Ly6G,0009,13,368.0839160839161,173.12587412587413,10
12081,ATG,NonThrombosis,8,Ly6G,0000,14,296.39622641509436,176.73584905660377,1
12081,ATG,NonThrombosis,8,Ly6G,0001,14,294.35955056179773,178.57303370786516,2
12081,ATG,NonThrombosis,8,Ly6G,0002,14,294.125,178.7375,3
12081,ATG,NonThrombosis,8,Ly6G,0003,14,295.765625,177.296875,4
12081,ATG,NonThrombosis,8,Ly6G,0004,14,294.1145833333333,179.05208333333334,5
12081,ATG,NonThrombosis,8,Ly6G,0005,14,294.72972972972974,179.17567567567568,6
12081,ATG,NonThrombosis,8,Ly6G,0006,14,294.37931034482756,178.5287356321839,7
12081,ATG,NonThrombosis,8,Ly6G,0007,14,294.5421686746988,178.6144578313253,8
12081,ATG,NonThrombosis,8,Ly6G,0008,14,294.61538461538464,178.34615384615384,9
12081,ATG,NonThrombosis,8,Ly6G,0009,14,294.74418604651163,178.3372093023256,10
12081,ATG,NonThrombosis,8,Ly6G,0000,15,359.4222222222222,180.4962962962963,1
12081,ATG,NonThrombosis,8,Ly6G,0001,15,357.1111111111111,182.3809523809524,2
12081,ATG,NonThrombosis,8,Ly6G,0002,15,357.35714285714283,182.3571428571429,3
12081,ATG,NonThrombosis,8,Ly6G,0003,15,359.2857142857143,181.3571428571429,4
12081,ATG,NonThrombosis,8,Ly6G,0004,15,357.43703703703704,183.03703703703704,5
12081,ATG,NonThrombosis,8,Ly6G,0005,15,357.91946308724835,183.8993288590604,6
12081,ATG,NonThrombosis,8,Ly6G,0006,15,357.6422764227642,183.40650406504065,7
12081,ATG,NonThrombosis,8,Ly6G,0007,15,357.7153846153846,183.85384615384615,8
12081,ATG,NonThrombosis,8,Ly6G,0008,15,357.74015748031496,184.0157480314961,9
12081,ATG,NonThrombosis,8,Ly6G,0009,15,357.656,184.352,10
12081,ATG,NonThrombosis,8,Ly6G,0000,16,292.5986394557823,193.18367346938777,1
12081,ATG,NonThrombosis,8,Ly6G,0001,16,291.2692307692308,194.3615384615385,2
12081,ATG,NonThrombosis,8,Ly6G,0002,16,291.54477611940297,194.15671641791045,3
12081,ATG,NonThrombosis,8,Ly6G,0003,16,293.78740157480314,192,4
12081,ATG,NonThrombosis,8,Ly6G,0004,16,291.46153846153845,194.08461538461535,5
12081,ATG,NonThrombosis,8,Ly6G,0005,16,291.5725806451613,194.83870967741936,6
12081,ATG,NonThrombosis,8,Ly6G,0006,16,291.872,194.216,7
12081,ATG,NonThrombosis,8,Ly6G,0007,16,291.8225806451613,194.8306451612903,8
12081,ATG,NonThrombosis,8,Ly6G,0008,16,291.7723577235772,194.5609756097561,9
12081,ATG,NonThrombosis,8,Ly6G,0009,16,291.96,194.824,10
12081,ATG,NonThrombosis,8,Ly6G,0000,17,363.92622950819674,194.35245901639345,1
12081,ATG,NonThrombosis,8,Ly6G,0001,17,362.6222222222222,195.6888888888889,2
12081,ATG,NonThrombosis,8,Ly6G,0002,17,362.5684210526316,195.3684210526316,3
12081,ATG,NonThrombosis,8,Ly6G,0003,17,365.3763440860215,193.7741935483871,4
12081,ATG,NonThrombosis,8,Ly6G,0004,17,363.0744680851064,196.31914893617025,5
12081,ATG,NonThrombosis,8,Ly6G,0005,17,363.3333333333333,197.10256410256412,6
12081,ATG,NonThrombosis,8,Ly6G,0006,17,363.2530120481928,195.7710843373494,7
12081,ATG,NonThrombosis,8,Ly6G,0007,17,363.55263157894734,196.8552631578947,8
12081,ATG,NonThrombosis,8,Ly6G,0008,17,363.8333333333333,196.73611111111111,9
12081,ATG,NonThrombosis,8,Ly6G,0009,17,363.5921052631579,196.80263157894737,10
12081,ATG,NonThrombosis,8,Ly6G,0000,18,275.36986301369865,243.35616438356163,1
12081,ATG,NonThrombosis,8,Ly6G,0001,18,274.18918918918916,244.3918918918919,2
12081,ATG,NonThrombosis,8,Ly6G,0002,18,273.81176470588235,244.23529411764707,3
12081,ATG,NonThrombosis,8,Ly6G,0003,18,273.62068965517244,244.27586206896552,4
12081,ATG,NonThrombosis,8,Ly6G,0004,18,273.7560975609756,243.8658536585366,5
12081,ATG,NonThrombosis,8,Ly6G,0005,18,272.86813186813185,245.0879120879121,6
12081,ATG,NonThrombosis,8,Ly6G,0006,18,273.74444444444447,244.23333333333332,7
12081,ATG,NonThrombosis,8,Ly6G,0007,18,272.6190476190476,245.48809523809524,8
12081,ATG,NonThrombosis,8,Ly6G,0008,18,272.6043956043956,245.24175824175825,9
12081,ATG,NonThrombosis,8,Ly6G,0009,18,271.9647058823529,245.56470588235297,10
12081,ATG,NonThrombosis,8,Ly6G,0000,19,310.1229946524064,246.42245989304817,1
12081,ATG,NonThrombosis,8,Ly6G,0001,19,309.2112676056338,247.38028169014083,2
12081,ATG,NonThrombosis,8,Ly6G,0002,19,309.9685863874345,247.8429319371728,3
12081,ATG,NonThrombosis,8,Ly6G,0003,19,310.2628865979381,247.72680412371133,4
12081,ATG,NonThrombosis,8,Ly6G,0004,19,310.55026455026456,246.74074074074073,5
12081,ATG,NonThrombosis,8,Ly6G,0005,19,309.59512195121954,247.9658536585366,6
12081,ATG,NonThrombosis,8,Ly6G,0006,19,310.36683417085425,247.26633165829145,7
12081,ATG,NonThrombosis,8,Ly6G,0007,19,309.8168316831683,247.92079207920793,8
12081,ATG,NonThrombosis,8,Ly6G,0008,19,307.2083333333333,246.58333333333337,9
12081,ATG,NonThrombosis,8,Ly6G,0008,19,316.12,251.91,9
12081,ATG,NonThrombosis,8,Ly6G,0009,19,306.775,246.525,10
12081,ATG,NonThrombosis,8,Ly6G,0009,19,314.85593220338984,251.91525423728817,10
12081,ATG,NonThrombosis,8,Ly6G,0000,20,241.5980861244019,251.3062200956938,1
12081,ATG,NonThrombosis,8,Ly6G,0001,20,235.8571428571429,248.58333333333337,2
12081,ATG,NonThrombosis,8,Ly6G,0001,20,243.11940298507463,255.13432835820896,2
12081,ATG,NonThrombosis,8,Ly6G,0002,20,240.1095890410959,252.72602739726028,3
12081,ATG,NonThrombosis,8,Ly6G,0003,20,240.16203703703704,252.95833333333337,4
12081,ATG,NonThrombosis,8,Ly6G,0004,20,241.33009708737865,251.9077669902913,5
12081,ATG,NonThrombosis,8,Ly6G,0005,20,234.77631578947367,249.3552631578947,6
12081,ATG,NonThrombosis,8,Ly6G,0005,20,242.01438848920864,255.8705035971223,6
12081,ATG,NonThrombosis,8,Ly6G,0006,20,239.81165919282512,253.20627802690584,7
12081,ATG,NonThrombosis,8,Ly6G,0007,20,233.2,249.52857142857144,7
12081,ATG,NonThrombosis,8,Ly6G,0007,20,241.56375838926175,255.6845637583893,8
12081,ATG,NonThrombosis,8,Ly6G,0008,20,233.05797101449275,249.85507246376812,8
12081,ATG,NonThrombosis,8,Ly6G,0008,20,241.50993377483445,255.82781456953643,9
12081,ATG,NonThrombosis,8,Ly6G,0009,20,233.05797101449275,249.79710144927537,9
12081,ATG,NonThrombosis,8,Ly6G,0009,20,241.48322147651007,255.7785234899329,10
12081,ATG,NonThrombosis,8,Ly6G,0000,21,226.24107142857144,258.16964285714283,1
12081,ATG,NonThrombosis,8,Ly6G,0001,21,224.08474576271183,259.39830508474574,2
12081,ATG,NonThrombosis,8,Ly6G,0002,21,223.97391304347823,259.30434782608694,3
12081,ATG,NonThrombosis,8,Ly6G,0003,21,224.09734513274336,259.08849557522126,4
12081,ATG,NonThrombosis,8,Ly6G,0004,21,225.91,257.42,5
12081,ATG,NonThrombosis,8,Ly6G,0005,21,223.8090909090909,259.1545454545454,6
12081,ATG,NonThrombosis,8,Ly6G,0006,21,224.5495495495495,258.7927927927928,7
12081,ATG,NonThrombosis,8,Ly6G,0007,21,224.03703703703704,258.97222222222223,8
12081,ATG,NonThrombosis,8,Ly6G,0008,21,224.02702702702703,259.06306306306305,9
12081,ATG,NonThrombosis,8,Ly6G,0009,21,224.06422018348624,259.1467889908257,10
12081,ATG,NonThrombosis,8,Ly6G,0000,22,300.9433962264151,263.24528301886795,1
12081,ATG,NonThrombosis,8,Ly6G,0001,22,299.04477611940297,264.44776119402985,2
12081,ATG,NonThrombosis,8,Ly6G,0002,22,299.46478873239437,264.5774647887324,3
12081,ATG,NonThrombosis,8,Ly6G,0003,22,299.6027397260274,264.32876712328766,4
12081,ATG,NonThrombosis,8,Ly6G,0005,22,299.89230769230767,264.2153846153846,5
12081,ATG,NonThrombosis,8,Ly6G,0006,22,299.98571428571427,264.0857142857143,6
12081,ATG,NonThrombosis,8,Ly6G,0007,22,299.69444444444446,264.40277777777777,7
12081,ATG,NonThrombosis,8,Ly6G,0008,22,299.77464788732397,264.5633802816901,8
12081,ATG,NonThrombosis,8,Ly6G,0009,22,299.94736842105266,264.36842105263156,9
12081,ATG,NonThrombosis,8,Ly6G,0000,23,236.8516129032258,265.05806451612904,1
12081,ATG,NonThrombosis,8,Ly6G,0001,23,231.43795620437956,271.978102189781,2
12081,ATG,NonThrombosis,8,Ly6G,0002,23,229.4748201438849,275.9280575539568,3
12081,ATG,NonThrombosis,8,Ly6G,0003,23,225.1094890510949,282.57664233576645,4
12081,ATG,NonThrombosis,8,Ly6G,0004,23,218.82978723404256,286.83687943262413,5
12081,ATG,NonThrombosis,8,Ly6G,0005,23,212.55072463768116,290.268115942029,6
12081,ATG,NonThrombosis,8,Ly6G,0006,23,198.1167883211679,301.2773722627737,7
12081,ATG,NonThrombosis,8,Ly6G,0007,23,180.29285714285712,309.9214285714286,8
12081,ATG,NonThrombosis,8,Ly6G,0008,23,160.77272727272728,326.9,9
12081,ATG,NonThrombosis,8,Ly6G,0009,23,147.07476635514018,343.1121495327103,10
12081,ATG,NonThrombosis,8,Ly6G,0000,25,238.91869918699183,313.8536585365854,1
12081,ATG,NonThrombosis,8,Ly6G,0001,25,237.97560975609755,313.6878048780488,2
12081,ATG,NonThrombosis,8,Ly6G,0002,25,233.4969696969697,318.2060606060606,3
12081,ATG,NonThrombosis,8,Ly6G,0003,25,222.31972789115648,325.1292517006803,4
12081,ATG,NonThrombosis,8,Ly6G,0000,26,209.1547619047619,334.70238095238096,1
12081,ATG,NonThrombosis,8,Ly6G,0001,26,209.5,334.75581395348837,2
12081,ATG,NonThrombosis,8,Ly6G,0002,26,209.52325581395348,334.5232558139535,3
12081,ATG,NonThrombosis,8,Ly6G,0003,26,210.53191489361703,334.25531914893617,4
12081,ATG,NonThrombosis,8,Ly6G,0004,26,213.1052631578947,333.95394736842104,5
12081,ATG,NonThrombosis,8,Ly6G,0005,26,212.1231884057971,334.7536231884058,6
12081,ATG,NonThrombosis,8,Ly6G,0006,26,211.888,335.184,7
12081,ATG,NonThrombosis,8,Ly6G,0007,26,209.6216216216216,335.2162162162162,8
12081,ATG,NonThrombosis,8,Ly6G,0008,26,209.9078947368421,335.3157894736842,9
12081,ATG,NonThrombosis,8,Ly6G,0009,26,210,335.31168831168833,10
12081,ATG,NonThrombosis,8,Ly6G,0000,27,188.92708333333337,342.8645833333333,1
12081,ATG,NonThrombosis,8,Ly6G,0001,27,188.61111111111111,343.1333333333333,2
12081,ATG,NonThrombosis,8,Ly6G,0002,27,187.1021897810219,346.1459854014599,3
12081,ATG,NonThrombosis,8,Ly6G,0003,27,186.31578947368425,346.5855263157895,4
12081,ATG,NonThrombosis,8,Ly6G,0004,27,185.77551020408163,347.63945578231295,5
12081,ATG,NonThrombosis,8,Ly6G,0005,27,185.51111111111112,347.837037037037,6
12081,ATG,NonThrombosis,8,Ly6G,0006,27,185.5109489051095,348.13868613138686,7
12081,ATG,NonThrombosis,8,Ly6G,0007,27,184.4319526627219,349.7396449704142,8
12081,ATG,NonThrombosis,8,Ly6G,0008,27,184.3708609271523,349.56953642384104,9
12081,ATG,NonThrombosis,8,Ly6G,0009,27,183.9927536231884,349.6231884057971,10
12081,ATG,NonThrombosis,8,Ly6G,0000,29,155.7530864197531,378.85185185185185,1
12081,ATG,NonThrombosis,8,Ly6G,0001,29,155.65822784810126,378.53164556962025,2
12081,ATG,NonThrombosis,8,Ly6G,0002,29,155.5072463768116,379,3
12081,ATG,NonThrombosis,8,Ly6G,0003,29,153.22727272727272,380.1212121212121,4
12081,ATG,NonThrombosis,8,Ly6G,0004,29,156.3294117647059,378.88235294117646,5
12081,ATG,NonThrombosis,8,Ly6G,0004,29,146.59677419354838,384.4032258064516,5
12081,ATG,NonThrombosis,8,Ly6G,0005,29,152.25384615384615,381.0307692307693,6
12081,ATG,NonThrombosis,8,Ly6G,0006,29,156.21428571428572,379.1142857142857,7
12081,ATG,NonThrombosis,8,Ly6G,0006,29,147.34615384615384,383.1730769230769,6
12081,ATG,NonThrombosis,8,Ly6G,0008,29,156.81944444444446,379.22222222222223,8
12081,ATG,NonThrombosis,8,Ly6G,0008,29,147.3968253968254,383.9047619047619,7
12081,ATG,NonThrombosis,8,Ly6G,0009,29,155.74193548387098,379.5161290322581,9
12081,ATG,NonThrombosis,8,Ly6G,0003,30,437.4756097560976,51.24390243902439,1
12081,ATG,NonThrombosis,8,Ly6G,0004,30,435.7787610619469,52.1858407079646,2
12081,ATG,NonThrombosis,8,Ly6G,0005,30,436.7173913043478,52.33695652173913,3
12081,ATG,NonThrombosis,8,Ly6G,0006,30,436.44615384615383,52.292307692307695,4
12081,ATG,NonThrombosis,8,Ly6G,0008,30,435.9310344827586,52.94827586206897,5
12081,ATG,NonThrombosis,8,Ly6G,0009,30,435.3974358974359,52.5,6
12081,ATG,NonThrombosis,8,Ly6G,0007,34,235.67307692307693,321.88461538461536,1
12081,ATG,NonThrombosis,8,Ly6G,0008,34,235.6,321.6714285714286,2
12081,ATG,NonThrombosis,8,Ly6G,0009,34,235.40350877192984,322.03508771929825,3
