Order,Run,Label,Area_Mean,BoundingBoxArea_Mean,Compactness_Mean,ConvexArea_Mean,Eccentricity_Mean,EquivalentDiameter_Mean,Extent_Mean,FormFactor_Mean,MajorAxisLength_Mean,MaxFeretDiameter_Mean,MaximumRadius_Mean,MeanRadius_Mean,MedianRadius_Mean,MinFeretDiameter_Mean,MinorAxisLength_Mean,Perimeter_Mean,Solidity_Mean,Area_Std,BoundingBoxArea_Std,Compactness_Std,ConvexArea_Std,Eccentricity_Std,EquivalentDiameter_Std,Extent_Std,FormFactor_Std,MajorAxisLength_Std,MaxFeretDiameter_Std,MaximumRadius_Std,MeanRadius_Std,MedianRadius_Std,MinFeretDiameter_Std,MinorAxisLength_Std,Perimeter_Std,Solidity_Std,DistanceTraveled_Max,DistanceTraveled_Mean,DistanceTraveled_Std,Speed_Max,Speed_Mean,Speed_Std,Linearity_Mean,Linearity_Std,MeanderRatio_Mean,MeanderRatio_Std,FinalAge,Displacement,IntegratedDistance
1,1,1,133.5,168.2,1.0118251071729871,138.7,0.5691381789331489,13.03633602801086,0.7943223443223443,0.989978658217628,14.46422248275895,14.270893219486409,5.829437032785835,2.460219065035516,2.141640786499874,11.062755348299891,11.867993927164976,41.18477631085023,0.9627080372285487,3.8078865529319543,6.142746399887703,0.04430521962801463,4.083843505544474,0.040265078599589325,0.18685165515363264,0.027630464481652704,0.04228206502880726,0.3399758937895037,0.3966620700249856,0.14009473296899422,0.0658556525777261,0.10846575035548134,0.1984498359848296,0.21032853767539744,0.9463904970758383,0.019229934913247638,0.4787321232483972,0.1575205446097483,0.1437081651767977,0.1473021917687376,0.048467859879922554,0.04421789697747622,0.4224790973734902,0.269519335717249,3.047296289221264,1.3212426504599593,10,0.4066439172115756,1.4176849014877346
2,1,2,203.3,260.5,1.1737285011732734,216.8,0.8150863866612847,16.08836428924619,0.7806349206349206,0.8524441724816906,21.31043222139217,20.183157161326896,6.138747861250137,2.699236282088253,2.29530389222443,11.814293843926983,12.340957162226953,54.754624791833734,0.9379095025406676,3.1640339933558095,5.060742150229659,0.028788721041233305,4.685675570881488,0.008079086913011886,0.1253171140503893,0.017089263249670677,0.02077794424692406,0.24322727418883008,0.3946404850251674,0.13239123836763075,0.03154223192801119,0.1873204098133684,0.3453254035884854,0.16856469978627578,0.8404992584732537,0.01343876275599214,0.3790401264736811,0.16840672139797477,0.12358442764858979,0.11662773122267112,0.051817452737838395,0.03802597773802763,0.42789751529034115,0.27036031714121467,2.9581005348575067,1.1778035301625578,10,0.3728337595186409,1.515660492581773
3,1,3,55.7,77.4,0.9741324034732861,58.9,0.7681670982893581,8.420067310712046,0.7214506172839507,1.0285815101363784,10.546260818288996,9.893208920890446,3.4282418293457453,1.706841467443647,1.4142135623730951,6.13123485758706,6.730380706042544,26.10365799264593,0.9465036572216928,2.057506581601462,4.6475800154489,0.04600082582730321,2.8848262031225076,0.027678071944993617,0.15602394697601027,0.04207586247301989,0.04774155734683261,0.33644258329731097,0.3718082654237793,0.22890551064707323,0.0366791044679228,0,0.3299143341828504,0.22050290859869154,0.8501610291066851,0.027832749856290386,0.31111236114858115,0.17007204485958824,0.07037183694942982,0.09572688035340958,0.052329859956796385,0.021652872907516867,0.5903136499154282,0.18112357145781477,1.810620875528973,0.4430068170974142,10,0.6797487871371012,1.5306484037362942
4,1,4,215.2,388.6,1.453520908981493,236.5,0.9170575374152926,16.551582085205553,0.5542462026198439,0.6890402615257273,26.42342299514257,25.687477486417986,5.203575679650194,2.463588638802786,2.23606797749979,10.018565636535968,10.524410195464814,62.68254685319159,0.9099390759375943,5.940445175985458,16.493769867572556,0.060848641229277356,5.9675045966560525,0.005661366604157379,0.22676591873463972,0.015783989616077767,0.028053386588329933,0.5881170733584593,0.9738242967057731,0.15916499528972824,0.04268752824787784,0,0.23011507969757797,0.20120121044404113,1.7509126344002188,0.0103432692742184,0.5376431441208569,0.23702329096480987,0.1289710556589548,0.16542865972949444,0.07293024337378765,0.03968340174121687,0.29595496755135786,0.3327569482447006,9.469150738797598,12.492726881094615,10,0.3100118244136774,2.1332096186832885
5,1,5,89.7,133.9,1.2599080987627638,98.9,0.863980680499711,10.682955347097987,0.6711458333333333,0.7954647716257952,15.365238883084725,14.930963411420045,3.8816653826391967,1.8625076479073874,1.882842712474619,7.167487059746476,7.7270709370380155,37.639191898578666,0.9065385802279824,5.078276172963507,7.248754682319194,0.06446276051289634,4.1486276177925525,0.012425605749865645,0.30559998301085206,0.04403627360499118,0.0382260437136034,0.2812932477768092,0.42989870491121807,0.1905368358101744,0.07851182747609137,0.24698924871162387,0.2642762762173074,0.31653463315688485,0.5155650197703837,0.01932159256314781,0.87748774263479,0.4483352972226816,0.2599216843102365,0.2699962285030123,0.13794932222236356,0.07997590286468816,0.3229481782080476,0.32223082800944924,8.953744117155232,12.451257124775992,10,0.09783380607935198,4.035017675004134
6,1,6,54.375,81.25,1.0372907157552629,59.125,0.8036536827316116,8.319461555912241,0.6699652777777778,0.96513724182908045,10.869545622222397,10.082837411129043,3.1974021545592834,1.6469953495613607,1.4142135623730951,5.924938351616192,6.451282853112657,26.61180553784104,0.9196180970728701,1.9226098333849673,3.5355339059327378,0.037319764635305244,1.5526475085202969,0.0224107205319161,0.14720118273108349,0.02970439218201574,0.0345547832433284,0.28983637498795295,0.3142151050957935,0.17441973027205343,0.040515497473352896,0,0.26994047111263414,0.20046017903650276,0.4792649694016646,0.019732478027939804,0.3815869480946445,0.2037990422757462,0.12060553295790633,0.11741136864450599,0.06270739762330652,0.03710939475627887,0.42977679719592077,0.39150435040327414,6.0902043761397655,7.746696224437157,8,0.34173218161481594,1.4265932959302234
7,1,7,54,106.66666666666667,1.3733363859763723,69.66666666666667,0.707184834384288,8.290219371755475,0.5122053872053872,0.7418740220194199,11.200207041478574,10.599842434521353,3,1.46686085448808,1.2761423749153968,7.866370722813626,7.670008699227499,30.487313592375198,0.7789678675754625,2.6457513110645907,15.275252316519467,0.23903640569762258,8.082903768654761,0.12022223130414568,0.20198335526371558,0.06641958216630663,0.11833774108572864,0.9604370524043799,0.6819168167603951,0,0.045101186840004734,0.2391463117381003,1.0868405836490094,1.1095960627413886,3.3509347701308267,0.050343340947058855,0.5355844144673035,0.39079691699598584,0.20476044258599768,0.16479520445147802,0.12024520522953411,0.06300321310338391,0.7287651884486165,0.38358394908367716,1.5928236140095813,0.8383791950273826,3,0.3576029214469002,0.7815938339919717
8,3,1,165.2,205.7,1.0533760302837019,170.6,0.7365964653413368,14.503010869188431,0.8035067873303168,0.949776139084598,17.783913873725837,16.660233845994913,5.98309518948453,2.6041912276176946,2.23606797749979,11.092660481608343,12.021189821422245,46.760512242138304,0.9684701909974445,1.0327955589886444,5.375872022286245,0.024303125896832135,2.503331114069145,0.012651532853339635,0.04532007711980866,0.017282851133238873,0.02155372120579946,0.21103583869850853,0.20168235962523742,0.05345770464245005,0.02203425087918239,0,0.2930181709705053,0.12806288463957144,0.608585893093505,0.010092954168620973,0.15824033806694943,0.1045974345056674,0.03387978030893155,0.04868933478983059,0.03218382600174381,0.010424547787363556,0.35310748932524955,0.2643224875827537,4.3372621493621235,3.3808979293110784,10,0.23715686392211724,0.9413769105510066
9,3,2,106.6,171.8,1.8402781635723553,143.6,0.8803893273883753,11.64488597515632,0.621980949197861,0.5457372320621208,18.892343823028224,15.654540632533713,3.6549698058132427,1.7034093297536492,1.4727922061357857,9.025314464721253,8.95067540491719,49.60376259469858,0.7428593187892234,6.834552736727628,14.987402117185695,0.12456096016550633,9.69765149118303,0.011120279201759701,0.3711335404705471,0.026370883305703,0.03851316986998897,0.40103918203394323,0.3878109280893572,0.3960860156210558,0.05700211752702492,0.1852419365337179,0.7036537086885067,0.4562182871047331,2.3698306048627527,0.02474220380438577,0.7760722008630984,0.4024704135544972,0.22880257290280495,0.23879144641941488,0.12383705032446068,0.07040079166240153,0.2727379069374988,0.28573621715225694,6.163058967114869,3.667943192979084,10,0.2844282850664799,3.6222337219904746
10,3,3,109.1,169.1,1.246771945243816,123.9,0.6597313383347739,11.783787061942723,0.6471911075036075,0.8042604641647624,14.158916440804822,14.080475064488716,4.6304951684997055,2.045056132118026,2,10.099261002845983,10.563803089163915,41.33036072312181,0.8812002378488241,4.458450154232722,11.883228143526956,0.06905667215137473,6.15449248742557,0.06326825723758622,0.24220471001369456,0.03974703871663823,0.04393111099950794,0.5240557147435079,0.6148368874131217,0.2549825582289529,0.035649121746103636,0,0.5158368558925565,0.46419353635586474,1.673683166757541,0.024675677694501016,0.8313070370588715,0.42146529891083717,0.2840713473306036,0.2557867806334989,0.12968163043410375,0.08740656840941646,0.33299647890877065,0.36994466932922443,7.344668857123388,6.563419209511265,10,0.3390993961182919,3.7931876901975343
11,3,4,95.5,131.8,1.0195133300985255,101.7,0.6967116280589524,11.025846933001104,0.726462703962704,0.981822321594461,13.062173075681173,12.518001935856834,4.71311845071176,2.1019672141242625,2,8.670715558022984,9.359214690338325,34.970562748477136,0.9391642199437413,2.8771127502720115,7.671013260609347,0.03397142660614083,3.2676869155073254,0.022089346267144514,0.16691958222841508,0.04133591599951859,0.03209882446378185,0.24746421758460252,0.332711977349402,0.3100438491575319,0.04006864079419392,0,0.2867539260289023,0.21325802782165107,0.7810485835025407,0.012855873512254173,0.5414864742146013,0.2467008797520881,0.14479098010098398,0.16661122283526192,0.0759079630006425,0.04455107080030276,0.39843318792755616,0.2542388768368698,3.300816952818533,1.6709464877852576,10,0.5073229494178567,2.2203079177687934
12,3,6,196.4,290.8,1.261782603787982,218.1,0.5782473115642064,15.812957787750172,0.6769220705711478,0.7934389187753538,17.934419085321963,17.6388771686144,6.355982887175195,2.6382428547564145,2.23606797749979,14.500742249055257,14.590735309627085,55.798484809834996,0.9008280993299462,3.1692971530679235,17.119190011991417,0.04484209169526438,6.314885412877876,0.046702672792770836,0.12742138673238745,0.02943723032792886,0.028445042617814123,0.41818178459449445,0.54773496280759,0.0405728143256941,0.025597840173926488,0,0.3547954488546107,0.30051559075657974,1.2881721712655125,0.01354931074739462,0.4090126752232522,0.2380526040372043,0.07559439712419133,0.12585005391484683,0.07324695508837055,0.023259814499751178,0.34585934738962343,0.27404035138806504,4.1052891429793075,2.011915608297619,10,0.4048197181639944,2.1424734363348383
13,3,7,91.6,125.5,1.025727534327825,97.7,0.6530407960289923,10.797811080769744,0.7330773645546373,0.9756516254774996,12.54159524178139,12.014313000012718,4.584596114923647,2.065534411655061,2,8.945154966948202,9.481086655061976,34.35634918610405,0.9379953101522959,3.40587727318528,10.814085465005556,0.030089351643043036,4.595891885393109,0.03179354155572846,0.20005044293615215,0.044195847866982274,0.027810700999040937,0.25742224252449497,0.2500736285474333,0.30088473804026805,0.03320393878311125,0,0.2976199266424833,0.30531915276061844,0.9697029906197743,0.013088395431226914,0.34092104548248775,0.1583896713183745,0.08489577999538198,0.10489878322538085,0.048735283482576774,0.026121778460117533,0.4054137984967228,0.2522019882153052,3.1812957354435785,1.5291944341609363,10,0.48377379588526576,1.4255070418653708
14,3,8,86.2,126.5,1.0842412982753538,94.1,0.7302742893640919,10.475795031941756,0.6823002754820937,0.9231375968935671,12.864356206604958,11.972198781622321,4.070636077779086,1.9423966687562062,2,8.098748742661389,8.772881790428903,34.26345596729059,0.9163828363337159,1.8135294011647258,5.797509043642029,0.03438454878423138,2.7264140062238043,0.02424087307260403,0.11038923516093563,0.023695752951372648,0.029216448128215302,0.23606749343237415,0.2717358466538232,0.182336448124818,0.04096374694735936,0,0.1817716917353402,0.20126349337517682,0.5552380125859749,0.018632561054914558,0.3311118615906756,0.18253299131842532,0.07562857044529224,0.10188057279713096,0.05616399732874625,0.02327032936778223,0.3430711692295439,0.31906984986613735,4.896109928577746,2.7928421397716825,10,0.2645566324456287,1.642796921865828
15,3,9,119.8,163.6,1.1216130769229848,128.4,0.7858654338497515,12.349274350767512,0.7359421420083185,0.8924305198010091,15.860784276768833,15.377802800904885,5.009901951359279,2.229244900696146,2,8.962030835440128,9.784752218726156,41.08477631085023,0.9333375873314975,3.521363372331802,13.30162897292408,0.03669354147517419,4.5995168828427575,0.02184614684596612,0.1811091406618084,0.053120964420548,0.029128950407495736,0.44778239740397247,0.5992412021158285,0.031312719575520155,0.029005129150663517,0,0.5901518339670572,0.24651444786153887,0.9946546305743337,0.0168123794239536,0.6085116793819745,0.32154493406168905,0.18649677342577337,0.18723436288676137,0.098936902788212,0.05738362259254565,0.2846131612392858,0.30548180696922667,8.58536977490822,8.43921348656345,10,0.10189473717482934,2.893904406555201
16,3,10,100.5,158.5,1.2982599411519165,109,0.8683162859790061,11.310558813258677,0.6348605169340463,0.771260785136765,16.6007512108012,16.401510215166567,4.2765862345451815,1.9511185755271439,1.9707106781186547,8.027187580828373,8.219779561425733,40.477669529663686,0.9223123941122392,3.3416562759605704,8.181958472422385,0.05040498200744802,4.0276819911981905,0.011877846943696086,0.18807084274080146,0.022243686957841492,0.02861829136161661,0.37642030419912864,0.31703953799478823,0.1095961196528497,0.042578859328483626,0.09262096826685891,0.2888697729542934,0.2561292638950736,0.9070122201251193,0.019207832834933932,0.43552738724345935,0.19240124958781613,0.11725385378539628,0.13400842684414133,0.059200384488558806,0.03607810885704501,0.27845297151953224,0.2965970374937244,7.648179834286039,6.249727842632543,10,0.1954122336065192,1.7316112462903452
17,3,11,74.3,101.3,0.9881050743448349,79.5,0.6439072942838837,9.724300425549913,0.7389856902356902,1.0138004626456008,11.155322964296822,10.565846831048727,4.110438006644291,1.940702853167019,1.9121320343559642,7.701665054784047,8.524023485443685,30.36639969244288,0.9355472210582707,3.1640339933558095,10.509783801561074,0.04359774330931738,4.527692569068709,0.02877273129638695,0.20997197557017128,0.06192662173261305,0.044411185908233036,0.2147479733245638,0.2643245959413067,0.06911659660882515,0.024362111471681602,0.19768785560134108,0.40049328461320677,0.30016634071015913,1.104907652399039,0.025358880076417994,0.34978400871275567,0.2138970608970258,0.0814687063268751,0.10762584883469405,0.06581448027600793,0.025067294254423108,0.4969029345618859,0.33225104410442696,3.561515203469141,2.9618460678745713,10,0.26320730530287895,1.925073548073232
18,3,12,52.875,76,1.0195125423454936,58,0.7140369759696756,8.204622783872592,0.6977430555555556,0.9821731800671895,9.961256353682348,9.106663175484668,3.308220558383186,1.662866126497286,1.4142135623730951,6.455259805586017,6.943448624045768,26.02081528017131,0.9118819366036846,1.1259916264596033,4.27617987059879,0.03967688476740389,1.4142135623730951,0.038661204334491314,0.08754363633871708,0.04345334356040377,0.03854672971106416,0.3483839624865096,0.2801750641938096,0.25225097953278486,0.03363994250712529,0,0.1416988558855153,0.1576032033063274,0.5423328581291489,0.020124116256510182,0.4004636449300792,0.2630253008150518,0.13990309276654858,0.12321958305540898,0.08093086178924672,0.043047105466630334,0.3555413875361557,0.29515390000336866,3.9567866322932588,1.85918606501956,8,0.32692307692310113,1.8411771057053627
19,3,13,140.5,213.5,1.313250254238601,161.9,0.6987421925030779,13.363478594286313,0.6758781727531727,0.7943890812460092,16.463906905599863,16.283337239159238,5.305240675470834,2.2790293004729087,2,11.287199988360033,11.771272829531137,48.03746750430835,0.8797214017449327,12.48332220738267,48.91545995104433,0.30639986173063954,29.391797797647182,0.03203443812883747,0.5846137332004119,0.0891376676595812,0.15802788585737315,1.3103895660896592,1.4348551439895845,0.24590281578470635,0.09256155700782315,0,1.3471238313975586,1.2425934424493683,7.573961959951317,0.07356996913143074,1.9754631618244052,0.7609019341339103,0.7722071835243088,0.6078348190228939,0.23412367204120316,0.23760221031517198,0.3614962108497811,0.3092551230261989,6.835489690315702,7.055785820664483,10,1.388677850011338,6.8481174072051925
20,3,14,176.8,466.3,2.0758211850909105,228.7,0.9399113476210846,15.002241323445396,0.37951979132614144,0.48272222704823414,28.836221180752876,26.953658483682638,4.32248528812124,1.9549716328041842,2,10.560675142191439,9.827097578477881,67.877269068328,0.7738023882850349,5.094659513211413,14.870178957303178,0.10004061650614342,8.944893018427392,0.005820683104902718,0.21475252497317635,0.01669730045122252,0.0227654840456044,0.6556538538288433,0.5776334333611813,0.13383627632894332,0.052760159358299814,0,0.5724836955755114,0.33688053350131675,1.4304274752341088,0.028611700741441124,0.492655309402119,0.27329214476166075,0.13545453509170038,0.15158624904680584,0.0840898906958956,0.041678318489753965,0.2556955706035933,0.29269133532514546,7.621867746252825,5.899725026940001,10,0.2351771849482207,2.459629302854947
21,3,15,148.1,204.1,1.130888441586076,157.8,0.7904653483628475,13.731160261711898,0.7271860764507823,0.8845557354113659,17.652983115086812,17.147634878006667,5.331249577905804,2.422625009758793,2.141640786499874,10.36145936858701,10.807296511028081,45.871782079359114,0.9385700238914042,3.3813212407775355,10.774970997640782,0.021709012153976505,3.552776691859794,0.009886164173960623,0.15639850262726182,0.03616077018726431,0.017090308338768876,0.2760038131230286,0.2552081733481364,0.2939726708371031,0.027105420754841566,0.12190497939060708,0.4694021605553088,0.1844369432686497,0.653143272434168,0.009627996065643346,0.30918427636576246,0.1689783223216651,0.08929512407504477,0.09513362349715768,0.051993329945127724,0.027475422792321468,0.2913755917990991,0.28460318465311696,6.824223467105023,7.417428107555767,10,0.3085914535176589,1.5208049008949855
22,3,16,58.55555555555556,80.88888888888889,1.1179711406071893,63.888888888888886,0.7921843497912291,8.63164645803791,0.7268438351771686,0.900228067164482,11.559012025749075,11.058827454677,3.3982758624471483,1.67573976277039,1.4142135623730951,6.0048046042494905,6.777471304441631,28.662157273353767,0.917165500762471,3.166666666666667,7.096556285347924,0.09517773875890845,3.6893239368631092,0.08469462612357585,0.23700076118160346,0.04860139450383906,0.07646302461777418,1.279082257093706,1.4714371354708,0.3649469934767584,0.049862815866315933,0,0.5463782701094363,0.4886855462140183,1.7090524846715083,0.032312063860673874,1.004906466507196,0.5723377096687121,0.31353250461200266,0.30920198969452184,0.17610391066729603,0.09647153988061619,0.41719895336331436,0.36928544332560964,5.469298688702449,6.488284627898951,9,0.2185016696371166,4.578701677349697
23,4,2,81.3,133.4,1.3917595761121333,96.9,0.8077048899525014,10.171641638790206,0.6152292152292153,0.7242847783950803,13.885160717048421,13.816797318163578,3.958041942778096,1.7417587683128075,1.4727922061357857,8.216695046708963,8.143627280904663,37.65340546095176,0.8397860237061696,3.8311588035185618,13.704824778968254,0.1321884037053096,5.279941077112298,0.029254414920631702,0.24055805258704407,0.06684763067863352,0.06780151066507203,0.5917040147336544,0.46679982479733106,0.19409041194875956,0.07485341618606323,0.12349462435581197,0.2762998556296091,0.296889399024751,1.814498119022683,0.029265091543148533,0.5823905819491313,0.2657551932498428,0.14724087019407253,0.17919710213819423,0.08177082869225932,0.045304883136637705,0.37562061689761483,0.28092995988703323,4.110963706504011,2.5724140098205055,10,0.4436618584619948,2.3917967392485853
24,4,3,362.9,666.7,3.1553713597560282,485.1,0.9035060945535771,21.492947660120805,0.5445679857638062,0.32096043500097116,36.593254648183525,37.40744418760614,6.030329777260373,2.370982639594487,2.023606797749979,16.350580092244112,15.64919173899056,119.81879502661798,0.7487590582176973,11.87387421564204,26.059973565263306,0.35862501889933873,23.430511921187062,0.010910294080628486,0.35250163703032966,0.012136009348721557,0.03992267191453921,0.4370015041378417,0.3038993823472722,0.19754824301606824,0.06489528968542616,0.07465124915287169,0.8630520745542202,0.7387508619052963,8.140226263724706,0.018875643203621294,0.604923887723687,0.4269829868574149,0.17452059671518141,0.18613042699190369,0.13137938057151227,0.05369864514313274,0.4327958245924657,0.34838283649363855,4.050051291097817,2.8902229133552115,10,0.4529079383974072,3.8428468817167345
25,4,4,63.4,83.1,0.9887360119955677,67.9,0.5878588338149103,8.975197211556761,0.773133517716851,1.0191404454206792,10.182094604214637,9.80966564352496,3.972865690108165,1.8279820176128017,1.5606601717798214,7.098083918884072,8.085521192566546,28.048023074035523,0.9381668060515587,6.186005711819758,15.021835958216146,0.09844567701724631,9.374314789774118,0.11451403390248778,0.4336180473297339,0.073992012595468,0.0870272796620386,0.8920847662381701,1.1881170734710305,0.13473516558779713,0.05144886314305932,0.24891137302146588,0.8103845687391529,0.5405054742896208,2.5400943946869226,0.04348376497158675,0.8044792422499581,0.46698141815922917,0.20674379518521746,0.24753207453844867,0.14368659020283975,0.06361347544160537,0.3006263078665111,0.29846875978715887,9.741715156190377,13.106044293727365,10,0.5304623512771143,4.2028327634330624
26,4,5,125.6,221,1.4068109187773081,148.1,0.7682070725787767,12.643607449972567,0.5758279854390536,0.719086162338756,16.996416598734008,17.973879184025346,5.220842672526703,2.1606963387173215,2,10.479095020805541,10.708543401380725,47.07178207935912,0.85032205273823,5.037636129950016,27.86475272534182,0.15367767593983633,9.960477453973335,0.05763295862080362,0.254028584862727,0.06857861899402173,0.08455598909584777,1.386743431025279,1.5775040334727064,0.21807691997761752,0.05456335088706509,0,0.32005190606031747,0.3349081388747313,3.18939591350853,0.04576273357631251,0.564385802534304,0.34677011221997106,0.1523946336344946,0.17365717001055508,0.1066984960676834,0.046890656502921416,0.3970164841075014,0.42283320361700416,8.789337792969931,8.808568587213355,10,0.22430140119576383,3.1209310099797394
27,4,6,340.5,555.6,1.2886636292650777,374.3,0.7517782452917589,20.820874828007323,0.6134803820518107,0.7767119268389651,26.551117330399517,26.769990217705555,7.962049935181331,3.2486245917845205,2.9399494936611665,17.758257364725715,17.49628835479122,74.2471175493115,0.909936507652205,5.9113826169894,21.71635328502463,0.04139814709135965,9.510812560215639,0.013558287054081417,0.18023558279212043,0.019987849121529802,0.024717051678605488,0.4180592240265017,0.43156529562464974,0.08000576145201306,0.04149525862530529,0.0813841605758968,0.40429376539368794,0.27191853956640866,1.475599875319222,0.014268849284505575,0.6897179754191197,0.33359434239188146,0.21050177712200854,0.2122209155135753,0.10264441304365583,0.06476977757600264,0.2744258722737539,0.34852913877852687,15.415640319358678,17.390152123076092,10,0.11261992484816372,3.002349081526933
28,4,7,399.2,750.6,1.5864678888631645,475.4,0.7440738710000143,22.544340812736472,0.5323771719776098,0.6310225402479122,29.49143776886022,28.08917740474631,7.503767477910113,3.1078833963759847,2.862741699796952,20.213776049585285,19.691031324567394,89.20041840821061,0.8398364011521451,6.47731082746193,28.320389200087707,0.055552434344664385,10.167486305758064,0.015458639093324403,0.18234149116908344,0.017399172869052747,0.021961165348362986,0.16882406028494562,0.5755313725296962,0.3222725510745661,0.048601285665334164,0.07234147606746381,0.5782550161145317,0.4378095530477683,1.9845636547102141,0.009615999606827949,0.485096636163086,0.3280470529303101,0.14272793307542883,0.1492605034347957,0.10093755474778772,0.04391628710013195,0.308807406921299,0.33923008806959715,8.195064011072175,7.249789377408894,10,0.19434620017759088,2.952423476372791
29,4,8,133.4,201.3,1.1803327247796256,146.1,0.5503897104078155,13.02960587714569,0.66632326007326,0.8492836017228174,14.699134254273982,14.696891647139196,5.519563943195058,2.3037593799529774,2,11.530463664793904,12.243733041017833,44.471782079359116,0.9134155620321011,6.077280093375105,18.844686843304725,0.060839633966605446,7.202622979011034,0.042254889679741746,0.29725775183090114,0.047985475415530436,0.044543946312485996,0.554047191135182,0.5786727267828746,0.19554447343258646,0.040292122514229596,0,0.39099570076010837,0.36974640678377874,1.9113862729869393,0.01882849322066167,0.5620878240039183,0.3115869046237077,0.14596944101286102,0.17295009969351333,0.09587289373037158,0.04491367415780339,0.3434037165926157,0.27976276670292044,4.821046574032754,4.01373567504141,10,0.7439485984555964,2.8042821416133688
30,4,9,167.6,347,1.686319901174578,203.4,0.8404800628788305,14.606391573729347,0.4839491577263316,0.5943765130228079,21.66566180469606,22.63102492905956,5.8241071824075785,2.2877306630930407,2,12.388375007469577,11.727025519736449,59.568942956259484,0.8241234366458102,5.316640543300503,19.578900207451216,0.08550061409863527,6.65331997326648,0.009774163735178708,0.2315956545879295,0.02225836815567488,0.030052252300449434,0.6393766702914483,0.6116559129706445,0.29772382397945296,0.03571138561845093,0,0.2870630482493346,0.24820157753731675,1.687008271778358,0.013978939028756182,0.5308977765629154,0.3155734012225348,0.16851303128972567,0.16335316201935857,0.09709950806847224,0.05185016347376175,0.22635111877489086,0.3114276784602677,11.771322251980406,9.696842878177304,10,0.10500786092681708,2.8401606110028133
31,4,10,112,167.6,1.2730022796863083,122.3,0.8234467787499291,11.93525457985176,0.6721984551396316,0.789878157225389,16.276435828320402,16.04287428740495,4.444120272985371,2.0348162871066036,2,8.771810145574502,9.207908669955396,42.27178207935911,0.9160138627014809,7.702813338860896,17.81509971282164,0.10108123844557838,8.124722217473721,0.018433579915804008,0.4116729074639219,0.05411151416370976,0.060721385833169605,0.7680995668400236,0.7646237989445249,0.2352185726804234,0.0823286712386263,0,0.5706614929594822,0.3654663449766133,2.1187573287689374,0.02787561699393092,0.9519038409949482,0.37502330393583416,0.2761487530409694,0.29289348953690714,0.1153917858264105,0.08496884708952906,0.3334668296043203,0.3056135236864969,6.736517716723937,6.578795999003217,10,0.715254834491091,3.3752097354225072
32,4,11,109.6,151.5,1.0083748830799986,114.6,0.57821101582003,11.812408537073392,0.7243173493173493,0.9925280989648803,13.181273509224107,13.088123117334955,5.493840584077654,2.2632248816547555,2,9.943566872066906,10.732727782378062,37.25756851698602,0.9564448159931622,2.3190036174568114,5.930148958219065,0.030902955585313013,2.3664319132398464,0.03834483173532645,0.12498291549688481,0.02930151303580967,0.0302298035015961,0.24451529502341393,0.33505101681573685,0.14029982474565827,0.04044729765025003,0,0.10262044811154984,0.2278259499191207,0.4489240413554858,0.013286478420102818,0.3982177155246936,0.2384749888357409,0.08632453251093876,0.12252852785375187,0.07337691964176643,0.02656139461875039,0.4002564941385348,0.2624893562219273,3.499758222486245,2.2405236771635693,10,0.5068548069175077,2.146274899521668
33,4,12,164.7,288.7,1.6169049583017747,205.4,0.5751264927620698,14.480223518844092,0.5716974114207086,0.6204296098419892,17.287071202065697,18.073617442130157,5.829941986805657,2.2703122365767525,2,12.975413743284616,14.123444863252923,57.83218971944477,0.8020750963277079,3.8600518131237567,17.39124939604845,0.09419565280927807,6.484168755086841,0.030035695648548598,0.16891767289863982,0.023458377347726163,0.03749376527254852,0.4013910492213124,0.4004893611134047,0.11438934721436912,0.040152369712471214,0,0.16128899662730692,0.2203806751358161,2.1344831998233667,0.010970486436029384,0.456598426755305,0.2638096864522189,0.14394407002635468,0.14049182361701693,0.08117221121606737,0.0442904830850322,0.28914881379391366,0.28724667686315186,5.69296121168582,3.3967613408693293,10,0.46286843553312457,2.37428717806997
34,4,13,75.2,94.9,0.9734278596056739,79.1,0.535427528565377,9.780908875071512,0.7972528058361392,1.0289993821171224,10.78751798341792,10.41884377208853,4.313475507123364,1.9650808373825386,1.9414213562373095,8.089811311529264,9.005770222155137,30.31370849898476,0.9511436180006009,4.61398839279954,9.445163371329853,0.042293472283406526,5.216427044549853,0.09869275856120303,0.3008051078754309,0.06532220685542248,0.04356828848645269,0.560133221166714,0.6215522261171245,0.323056667624254,0.052519465103721255,0.1852419365337179,0.5288882962151901,0.4355760156280196,1.2269748938465435,0.019119899235702075,0.7058097748484241,0.41965347347824444,0.21211760084126338,0.21717223841489972,0.12912414568561367,0.06526695410500412,0.5860552782889479,0.31384095282387353,2.200146358147207,1.115500005654793,10,0.897833270794884,3.776881261304199
35,4,14,92.2,124.3,1.0597408172954084,97.9,0.7829969674115657,10.83311703517147,0.7437973137973138,0.9446321947451464,13.800444223862652,13.105105820528385,4.145698095994087,2.0265445838795553,2,7.971314632718394,8.576153357359567,35.039191898578665,0.942468883065409,3.3928028399998595,9.019115502334165,0.03618744455006194,5.043147165543886,0.0121255679659542,0.200724595347472,0.0336795627992521,0.03273790260136314,0.39779957630203117,0.41660190530455354,0.12104772645075426,0.016002594699271563,0,0.4082958052163124,0.15663367929162136,1.2037539501322978,0.017323328065167995,0.34734698374087575,0.16964828861699602,0.09149306932879087,0.10687599499719254,0.052199473420614165,0.028151713639627957,0.2184986342528803,0.30452572866820166,19.925144128982268,34.353952898830535,10,0.01383035018559933,1.5268345975529642
36,4,15,189.7,410.2,1.5826402969375382,209.2,0.9255559204136342,15.5399620005,0.46350871539751637,0.6323250468720164,26.035435770826226,25.383741091901943,5.019803902718557,2.2673025503918094,2.141640786499874,10.038985122191315,9.8363693997339,61.41808075912433,0.9068621982867737,5.334374898294603,25.481147715299027,0.045742260760520806,6.0699624747146865,0.006682481279720211,0.21889281820725884,0.020197017507725866,0.018054577025354023,0.776555027013407,0.7193269842851912,0.04175029276736021,0.025894460411136484,0.10846575035548134,0.3382759776296277,0.1536116367104505,1.5522909525161235,0.010304118187383198,0.3912272337071024,0.2272044866795303,0.08712540043295941,0.12037761037141612,0.06990907282447087,0.026807815517833664,0.4256643901205902,0.23535360435722408,2.844211388958568,1.197783032418627,10,0.6603381812026223,2.044840380115773
37,4,16,94.6,165.7,1.289257161517774,103.5,0.9006379759428874,10.969666375608686,0.5724395743145743,0.7768477556109961,16.92042886296876,15.663462933693724,3.600668786388029,1.8356369707220026,1.6778174593052024,6.984547502308191,7.329799278223867,39.12031021678297,0.9137054363732043,6.186005711819758,14.3994598664132,0.05383779721876228,5.720334100576838,0.013649643116184714,0.35727446621234815,0.029782590751188453,0.03215512926117537,0.5447606817051268,0.7117497412892212,0.19772115811851948,0.060014545151544606,0.25645584840402275,0.6651711827997087,0.4550584677587582,1.4421337973869557,0.01960224577769329,0.9669811928103474,0.5526328740375849,0.22348139036081863,0.29753267471087613,0.1700408843192569,0.06876350472640573,0.36601966257120216,0.37097262140523773,5.746291010003573,4.1896727148843285,10,0.4126740935865733,4.973695866338264
38,4,17,214.1,475.7,2.0705575848405586,281.8,0.7730363710627629,16.508666406823945,0.4509636843260985,0.4847124575797262,23.04397899120695,23.85971531102671,5.9717584540043545,2.2993718719740013,2,14.56262919652912,14.614470095999579,74.61513703397203,0.7604513734679073,6.903300337922113,28.54645336990219,0.12868326338767674,13.373273512661155,0.009683322394881375,0.2677478000757485,0.018682449255233203,0.03132708059719506,0.5601454653763692,0.6782209380737777,0.20575326925316265,0.03519523331453021,0,0.655799354269531,0.4488900487437126,3.1577901484679387,0.02072007016093712,0.7218887264524163,0.37194015742193337,0.2013626642726223,0.222119608139205,0.11444312536059488,0.061957742853114554,0.42701250499061355,0.361738388515596,4.02787470357637,2.446863348553525,10,0.4524904700440871,3.3474614167974
39,4,18,175.9,290.5,1.2580693194723849,192.1,0.8114069734993834,14.936495959082398,0.6207282389591583,0.8057685984032832,20.389742766839355,19.664506476463952,5.591311596201925,2.4562794618104573,2.23606797749979,11.072687523561958,11.331116854593514,52.71564209736037,0.9187057973721657,22.912636009173823,69.53536270608407,0.15408970879317688,29.30472089385372,0.08051903073713565,0.9797530205960087,0.07191252511475724,0.0990954667526506,3.225962125782533,2.868833490599592,0.20340062869421277,0.05120602712723844,0,0.23754669896271804,0.29249778507271196,6.49263664349969,0.027154518515222437,2.6156695206241123,0.9324563590134736,0.9266480187523055,0.8048213909612654,0.28690964892722265,0.28512246730840174,0.4804541908156178,0.359271506624525,6.743096713092835,8.446529445937559,10,0.6184772173832446,8.392107231121262
40,4,19,169.6,257.4,1.1582437844954403,186.2,0.6659605792745424,14.650188389395574,0.6716984585570356,0.8720828105247951,17.49619804655293,16.781103813523846,6.064558759611526,2.5515808496808314,2.212461179749811,12.379827248744856,12.626524931056158,49.63513344459705,0.9140001490311027,27.873523877208875,63.721965513383914,0.1250916107614105,34.051594839465466,0.10222802663879171,1.2080318898948812,0.06085163982936175,0.08980251365804912,2.6809882673799397,2.493225220413526,0.15321390718394204,0.07904177985463717,0.07465124915287169,0.9203668172205657,0.4233182243548735,6.486018217949326,0.029136250393451156,2.6332025976025975,0.9060373279878836,0.8705693840124777,0.8102161838777223,0.27878071630396417,0.2678675027730701,0.45239115635546184,0.3465894196497937,8.818237168768162,12.385847091538217,10,0.25404594565063915,8.154335951890952
41,4,20,142.8,185.8,1.0298442513650266,151.6,0.49651851782863077,13.483288673496508,0.7698809523809523,0.9716103338507078,14.541511969955321,14.162429863410038,6.056282506581704,2.53615653150255,2.2242645786248003,11.818566907460626,12.611216421856161,42.98477631085023,0.9422476708633063,3.119829055146024,8.991353871606014,0.026845703771759172,4.4522154285504,0.028447104199255276,0.14732253105943408,0.03357132948566771,0.02514474543912491,0.2457668787986031,0.37354214992201235,0.1543524123283955,0.032196048886265004,0.037325624576435845,0.29978575637951965,0.13355546071590677,0.8282916324569515,0.01644183832160625,0.39869511862967694,0.21257676810496937,0.10529091850043443,0.12267542111682367,0.06540823633999057,0.03239720569244136,0.3160113492325198,0.27136062629457003,4.576183112837646,2.344721112829081,10,0.42076391487981096,1.913190912944724
42,4,21,153.5,263.5,1.352634329897945,178.25,0.7485833372700268,13.979315153091832,0.5833946078431372,0.7445460644473971,17.784299340456627,16.791765519090582,5,2.244506865671566,2.0295084971874737,11.654273206377841,11.770769243192355,51.01650429449553,0.8619823008291922,3.696845502136472,9.814954576223638,0.13666796574698306,6.18465843842649,0.02647927945360018,0.16740357377522794,0.03252354934527609,0.06931136214779364,0.21345393589057318,0.22093966561204065,0,0.0874572066255875,0.05901699437494745,0.46925465216638496,0.41519639311454637,2.206090438112055,0.03771808334235599,0.553961432500549,0.3895763154791919,0.14381596842538671,0.17044967153863044,0.11986963553205905,0.04425106720781129,0.6306670013672778,0.36542799772460477,2.106512132444494,1.4244453592678363,4,0.3147076005116357,1.1687289464375756
43,5,1,116.5,145.2,1.0370977314122631,122.9,0.5417961684490764,12.177123408124778,0.8027583527583527,0.9652913169418421,13.42257231727746,13.323459303517078,5.361166920719577,2.306054313593442,2,10.528698866587074,11.255566606058094,38.952186130069784,0.9483196721825708,4.503085362035432,6.81175454637056,0.03705669345955182,5.586690532964137,0.04332246198596229,0.23587300007053397,0.017105589703430436,0.03304968843454576,0.35222741343966046,0.308098446611918,0.2536166139452933,0.038645854361037686,0,0.27622881503362173,0.24983881267254124,0.9733386715818544,0.016945135769205713,0.4264576790239073,0.24563661303341375,0.10982638229822898,0.13121774739197148,0.07558049631797346,0.03379273301483968,0.32889960653225486,0.3816526096084234,8.62459498104578,6.931142691457263,10,0.10993597766125485,2.210729517300724
44,5,2,208,700.4,2.231997485266303,248.2,0.9700311164694325,16.27188901423555,0.2971307471264368,0.4508009223095325,34.69864023390177,35.25929732753404,4.333481308759107,2.001880162431421,2,8.338337131427481,8.42270768230933,76.32762620207482,0.838021715682774,6.582805886043833,23.32952349849149,0.18066240740176678,7.03641322771134,0.0021387508412139557,0.25701969944871356,0.00963769650798027,0.03822537986149704,0.66505491432455,0.44963190939362174,0.1525332263820071,0.03594207824020969,0,0.21315630929488355,0.20889778677055051,3.656866962528557,0.01062308753825907,0.5672980974396007,0.33714931386120467,0.13984770432707758,0.17455326075064637,0.10373825041883221,0.043030062869870024,0.6502590063478566,0.19063724867033757,1.6815328118588748,0.5861832138205119,10,2.200776501227116,3.0343438247508425
45,5,3,75.5,109.1,1.0514234765941708,82.5,0.5706346317126719,9.80176954862292,0.6956299357208449,0.9538664000349757,11.012921167543773,10.81634403571148,4.1407992000670735,1.9094062892085282,1.736396103067893,8.429506535757646,8.939099809193339,31.55990257669732,0.9153729403289433,3.7785946829182113,9.158481193832184,0.05940490522042501,3.92286743197994,0.09594409063048198,0.24698030329293963,0.05842339353261029,0.054650660478408906,0.5416061602050029,0.583763366374399,0.244454005498611,0.06009152554412282,0.2912614890207869,0.3481718305534685,0.3126172278865275,1.0986886831722094,0.026959770169974608,1.0305998074820806,0.48253970598184465,0.29832340961642567,0.31710763307140943,0.14847375568672141,0.09179181834351559,0.4132903650557868,0.3124616640894238,4.50813814756479,4.072278034483298,10,0.6133385206373944,4.342857353836601
46,5,4,156.3,258.9,1.2827633105299165,168.5,0.8855629095062668,14.05772744021391,0.6050619951084347,0.7814613533147172,20.96625498264235,19.762101050927704,4.837163089161124,2.2592068389557913,2.1062305898749054,9.185996665357878,9.613784330002902,50.01147904132611,0.9268142049383862,26.179084102474718,41.46872985220979,0.0681922955079795,27.46411800473079,0.025916801005060032,1.2417013680890638,0.05094773247136541,0.03961449609819533,2.1787759261351463,2.200848839506697,0.4735835592787395,0.16988094758846184,0.11737641266544134,0.8406312048963713,0.8774821923427096,4.613388928349314,0.016152825082263372,3.081476362668335,1.0562531546115073,1.1311969703491707,0.9481465731287184,0.3250009706496945,0.3480606062612833,0.37463333198671755,0.3901202141248346,15.47149090481508,18.766863465488075,10,0.7632744865747317,9.506278391503562
47,5,5,134.6,202.1,1.0839762563577577,142.8,0.754194206944615,13.086655975037377,0.6665827228327228,0.9233775920433472,16.27875811454835,15.64851983910285,5.229653299162318,2.3544748459982854,2.165247584249853,9.968225099390855,10.667491861864395,42.80731598529185,0.9436507463169392,7.396695959082752,12.511772234357707,0.0348627439235578,10.031062866028815,0.02686074682200335,0.361291068209851,0.020527738499599525,0.029322387185619626,0.4076408644877958,0.4986947911014311,0.23740815899272075,0.05395234664640982,0.09953499887049559,0.7011802493527571,0.48928380959555245,1.606430482459365,0.021806131923378935,0.43386411980536727,0.20522481647022,0.11582157731555223,0.13349665224780533,0.0631460973754523,0.035637408404785305,0.3745484872808653,0.2994274471734139,9.646502440751078,18.75322528686757,10,0.6168544443829688,1.84702334823198
48,5,6,90.1,123.3,1.016120474273346,95.9,0.6896253141504151,10.700640943901483,0.7342121535871535,0.9849692562705716,12.627842503424247,12.240669505785752,4.641640786499874,2.074086098744004,2,8.437011449902093,9.123821777878494,33.88772003600252,0.9395708298496664,8.143845665422585,14.583476189776489,0.030665290847513012,8.46496045800307,0.03817936817534923,0.4889516794318684,0.04887591451284598,0.03071725446135892,0.4802196037986174,0.6377129710725716,0.41522525225717716,0.07919785501152997,0,0.8038405567260852,0.5906017310606975,1.7235432289007029,0.021320403461016955,0.7102601514114053,0.4171829348996938,0.1870297751745485,0.21854158504966317,0.12836397996913657,0.05754762313063031,0.3896445214570528,0.3348459654970648,6.897562336091252,9.003142062633575,10,0.3986978659642432,3.7546464140972446
49,5,7,201.4,285.9,1.224265785730456,218.1,0.8441641954181945,16.012249725568598,0.705256234448781,0.8171843035805555,22.177465760011614,21.020041946157264,5.775604098334081,2.610096456916743,2.23606797749979,11.357493938556054,11.87960130478334,55.65584412271571,0.9234010026977354,5.211099265563414,12.723119813071705,0.027294802380373257,4.532597979574677,0.008170599254510235,0.20629815448663158,0.024933155927650927,0.018351904177428525,0.48239670103438886,0.7132372067545893,0.2170440285762987,0.03271653131268568,0,0.2752382100381441,0.13724921067315957,0.9088134974685718,0.011942296691891738,0.3207114248239381,0.18117801983945733,0.09284709954010346,0.09868043840736557,0.05574708302752533,0.028568338320031833,0.4625891687302228,0.31840809817750265,3.3644532241901732,2.6076673980875635,10,0.33098487285467293,1.630602178555116
50,5,8,61.333333333333336,83.66666666666667,1.6411025376768134,74.66666666666667,0.9047622346512467,8.788497827794064,0.7339265672599006,0.6282748260199709,15.052927472385946,13.368306726273872,2.9428090415820636,1.446716256184816,1.1380711874576983,5.333333333333333,6.012633380642532,35.3708994574027,0.824317738791423,16.19670748434179,21.77919496522618,0.33065080423357324,19.139836293274122,0.04597936796630074,1.1320322486234637,0.04261833459001421,0.14114671910099016,3.586416735221192,3.3812073152043043,0.09905764571342511,0.10348340587688629,0.2391463117381003,0.5773502691896257,0.6171344869447085,6.829145584562084,0.08079497292946596,3.2906419225286565,3.130419570981793,0.2265886225528845,1.0125052069318943,0.9632060218405516,0.06971957617011831,0.5255913365245052,0.6709151659943384,10.2689309724254,13.10824788990404,3,0.3204464828155687,6.260839141963586
51,5,9,95.6,153.4,1.4352163448134776,115.2,0.7807496773154461,10.922444898963484,0.6452339181286549,0.7472239885191646,16.694686764073978,15.39165792813391,4.158492774516486,1.835309594988125,1.5313708498984762,8.242610142791117,8.277309594563595,41.496046148071045,0.853717912339761,29.048235746771265,59.302613770389584,0.39688502220985233,43.159008329663926,0.2349482059703899,1.73993459136692,0.0765886286649948,0.2287644443650279,5.638766716693021,4.961963601150331,0.36561223361331374,0.0572336179007276,0.26197165896624,1.0492223581509799,0.7356718079142144,11.926132222621458,0.08222020932774966,3.3045272108581893,2.017813038658171,1.4881182962267083,1.0167776033409814,0.6208655503563604,0.45788255268514105,0.48766532865007395,0.4832981521771288,7.358723657618074,7.381170207699323,5,0.6959798606465808,8.071252154632685
52,7,1,62,87.77777777777777,1.072899085028238,68.22222222222223,0.7312433938796198,8.845847927142323,0.7010989524878414,0.9391130830739284,11.066064928164925,10.176355215513922,3.4996095374126686,1.7271399278599784,1.5443883262901852,6.683646882000855,7.290549051497424,28.689794755745897,0.9049687852314284,12.913171570144957,10.709549217611563,0.09704681138818111,11.872002545672085,0.13388191753617784,0.8822156773620994,0.06383187144009984,0.0880310763830453,0.6448252908647387,0.7049956337757823,0.6868949856830903,0.20118588996717304,0.25830753922587324,1.1497189830791996,1.308627263589262,2.2847735126453093,0.035235247628803014,2.897637937838488,1.436285861020675,0.9573653734772067,0.8915809039503041,0.44193411108328456,0.29457396106990974,0.43384389198212026,0.3111603654311866,4.406764211788817,4.849082072083674,9,2.1198446065813124,11.4902868881654
53,7,2,164.63636363636363,318.8181818181818,1.422589396377036,179,0.881712184831365,14.400349827533576,0.5296816987501236,0.7163377905483383,22.51842693671573,22.12324471213322,4.881296463110003,2.2391082819609567,2.0862414014656117,9.03009711169776,9.708147963478329,54.134756616491664,0.9216653779525449,31.54765514986091,84.07356086406496,0.20290707342611247,35.68753283711274,0.07928702833172992,1.5737213478430827,0.05888943513574802,0.10677425792964461,4.353425936857661,4.551730192770251,0.3003986071085561,0.12775067138335905,0.2469074604823833,0.6962693318072065,0.5731858959569164,8.6546152528468,0.028921216606279405,8.393947074478028,1.906417855994571,2.5134826663314507,2.5827529459932395,0.5865901095367911,0.7733792819481388,0.4775664399410233,0.35146603781678304,5.930081402452645,6.857763926751915,10,0.7614802459145079,10.670231485467683
54,7,3,118,168.71428571428572,1.055526124212325,126.85714285714286,0.606378473161304,11.909465422032936,0.713893319156477,0.959508009613585,14.102840719677205,13.6933437034245,5.014787430481343,2.1873246231447165,1.9509791784989114,9.86715109786983,10.504670983075668,38.75925064564447,0.9362713142904149,70.67767209899696,111.74481984371697,0.13204772488479463,78.94603340558784,0.16567306629960274,3.131780576633087,0.07143554732378632,0.11359647099805086,4.700419446727187,4.152235693759692,0.9969410873269853,0.3602295373815131,0.4753528015144801,2.941521842024508,2.5223003947303693,12.693273623482234,0.03701040010221645,26.004992760175693,11.318477080442005,9.02129283402981,8.001536233900213,3.482608332443694,2.7757824104707103,0.7401891492503123,0.20646307196560637,1.433043144079064,0.3550679639261745,7,39.69482183611054,67.91086248265202
55,7,4,153.25,212,1.0749227021633283,162,0.6328496549313058,13.905071029618965,0.7305637809422412,0.9393365167598485,16.496823218134768,16.257377270352027,5.884788956836168,2.52071908773598,2.1770509831248424,11.365012045417735,12.00133054021256,45.35965004500315,0.947666637572372,32.345787979271734,55.88679032949856,0.1278642827395634,36.08323710533743,0.17051331336572942,1.5375130967095614,0.0796479596967667,0.10141770437091972,3.40212015068202,3.4540187780692526,0.701673175107512,0.19065387913050003,0.1180339887498949,0.5743486139714798,0.8789071359349815,6.9576797392367755,0.02288477116298085,5.517881473319652,4.146855846417544,1.214648231751251,1.6978096840983545,1.275955645051552,0.3737379174619234,0.9835615366043351,0.014303924389530253,1.0168554356004005,0.014670291416268574,4,12.151116928503509,12.44056753925263
56,7,5,73.6,113.8,1.1003089532620582,79.9,0.7660647918310847,9.615209935341493,0.6844152745402745,0.9288785230383336,12.720611184478303,12.061553707887143,3.7616378539339093,1.8188126842750036,1.5899494936611667,7.007589599112806,7.540039118185282,31.814927829866736,0.9278367113041284,19.6253803926333,56.343786012498505,0.1938186886577157,24.43335607093076,0.10628907320521949,1.1823556486091722,0.10721118099561694,0.12847959693476446,3.446640979069675,3.269203462577173,0.40835803442498464,0.12020253325828664,0.28296173201532265,0.7725925009715527,0.7668651758314359,6.761319879269327,0.034422664825932696,36.09319209234789,14.503032331082142,10.674057348685459,11.105597566876273,4.4624714864868125,3.284325338057064,0.5719587749652911,0.3252766330101804,2.304459825067894,1.2007181758931607,10,59.107000262809215,130.52729097973926
57,7,6,89.6,120.5,1.0049157847467185,93.6,0.7108723862921769,10.66998695219576,0.7440075110075111,0.9961662547239596,12.947312658064021,12.507142931776729,4.310531781971078,2.048083392920142,2,8.238610375280144,8.855752874111513,33.61492782986674,0.9570884637571813,8.395766128763288,11.423659658795863,0.034237362841155985,8.553102101317133,0.1084342975169358,0.5095113653108327,0.025911137787273844,0.03451763906398981,1.1693856695968041,1.321352709287568,0.14649898223857152,0.06625839556975859,0,0.43253260301429364,0.4402960108095698,2.0196493488009857,0.011553004322726412,20.638804089006506,8.272601910275188,5.3722851918340995,6.3504012581558476,2.545415972392366,1.6530108282566458,0.9971080463215171,0.0012774147454052798,1.0029018023516674,0.0012829792357759724,10,74.11821511267456,74.4534171924767
58,7,7,107.70588235294117,148.05882352941177,1.02135478842684,113.88235294117646,0.6474814577029007,11.548047089012574,0.7422673850091442,0.9888009230476645,13.564667085160805,13.152960685074794,4.951011157532939,2.1871873347956945,1.9727430033673858,9.29631752142324,10.011053015879416,36.861276608696606,0.9501839002630272,37.7504382522282,62.722076046073376,0.11544748871241431,42.04295772323407,0.09571187762757981,2.0035273538063194,0.059782857495104536,0.09239976725626022,3.079532166557076,3.0922648322761086,0.8018457148095055,0.2523729591645051,0.20452274476993346,1.7695062039306895,1.620922907556091,8.206519366843857,0.02399234916462663,20.601967513746526,6.393325287305548,6.1085208990203075,6.339066927306623,1.9671770114786302,1.8795448920062485,0.9634815610985432,0.03755369393152309,1.0394029227301051,0.04106338925365914,10,90.29366216557656,90.78468872876574
59,7,10,89.66666666666667,124.66666666666667,1.0852598995087945,97,0.7730154884926554,10.679549992642466,0.71979674366038,0.9223684636654763,13.539406444021623,13.096704953422996,4.32742640957837,1.9931702743385629,2,8.076119548797998,8.516525108230283,34.94687347785531,0.9240229978980118,6.186005711819758,5.988878581726855,0.03843533297221841,5.830951894845301,0.04368820490286299,0.37044481246721245,0.04826544065880485,0.03152532910394774,0.8176586701644541,0.8783981076838854,0.35785025306737767,0.06796994583659688,0,0.5578409528400794,0.41543016769935087,1.3355465116530048,0.012552397590450596,2.7318737716585937,1.7040264907614238,0.6346442648902403,0.8405765451257211,0.5243158433112073,0.19527515842776624,0.9802082423184102,0.01985434837698055,1.02052801904512,0.020776857948982153,6,8.119229306694981,8.520132453807118
60,7,11,107.9,132.8,0.9803907958079033,113.1,0.5268492898750128,11.622424084401272,0.8218366927190457,1.0250868016252308,12.995033726646668,12.523706538660614,5.104201905662689,2.2523511363566207,2.047213595499958,9.366584717120748,10.52034899556115,36.293607486307096,0.9577190966064849,32.07439269365309,46.08398130948902,0.07696022384249834,35.72254190283776,0.13642456141522966,1.5992377626208583,0.040231414112126336,0.07207055701492504,3.0368049058416604,2.594176069906799,0.22882042019739213,0.15614734721944937,0.09953499887049559,0.7737753355266217,0.5827772632183646,6.581777963833195,0.016977378849250144,3.761286057239766,0.651006654990282,1.181160101183688,1.1573187868430048,0.20030973999700982,0.36343387728728865,0.35033095855732727,0.3164941841200568,5.090842421852409,3.1847433551183952,10,3.077034426856472,5.859059894912537
61,7,12,91.7,115.5,0.9935543225576213,96.1,0.39661496073388663,10.803280487874341,0.7985961008688282,1.0091014547034294,11.448231516581249,11.390601836393424,4.947213595499958,2.1198167256899665,2,9.374295049971298,10.435858394039496,33.82436867076458,0.9551674597348285,3.802046232695699,11.276819882691514,0.05369294340807931,5.486346689738081,0.09034906225899811,0.22409559599010304,0.0570985502830281,0.053812832850671205,0.4874255491455403,0.6273310350212591,0.16692526771109456,0.04801881670584459,0,0.48399679774108395,0.192445402266662,1.3188129838722928,0.025088660656091992,0.5950316789052194,0.34107517918683616,0.1724709996423789,0.1830866704323752,0.10494620898056498,0.05306799988996275,0.4515421374077807,0.21198511755922905,2.4788600659235733,0.6810562945670078,10,1.2505057365174836,3.069676612681526
62,7,13,87.92857142857143,115.92857142857143,1.0147564106652158,93.07142857142857,0.6243363214823071,10.448487071861337,0.7606413311245244,0.9927015491088359,12.220855324762134,11.649960171877158,4.482655051117288,2.0307204692375356,1.7489486695884693,8.296449434536566,9.130070070955478,33.13495669063178,0.9478332622601227,28.154694336590005,37.71444180786878,0.09687762612707636,30.54999505404539,0.1661251909613762,1.731285211739367,0.04440379140546659,0.08222083018006099,2.2311578358415627,2.1465176075083394,0.8629667832852216,0.2726456317224968,0.300832142823628,1.9368357990779081,1.9676132110191389,6.3156912914651775,0.026520724512221972,40.19257408623977,8.871632003460245,11.704569928141284,12.366945872689161,2.7297329241416137,3.6014061317357795,0.47828913493668607,0.3035854361287798,3.8657593886834802,3.638591430650553,9,29.173310526148654,108.2589913958079
63,7,14,73.9,124.2,1.2693161146884904,84,0.7802487066920725,9.583766790291492,0.5940905039701831,0.8078000632916368,13.147304942337419,12.30535689321237,3.593400350893291,1.7254169370827674,1.4899494936611666,7.061813509310112,7.707317404479164,33.767009357883865,0.8776936599689192,27.3310974695289,32.78482033570482,0.2146125690665141,29.672284112357183,0.12731538150007105,1.5789646626242342,0.10296881454044556,0.13402580367092043,2.393387886375544,2.1286907114914078,0.8739907946374974,0.26320160440860046,0.2982364951563579,1.523087867441309,1.575178847397508,5.922255488523459,0.058692721611655306,17.503032482234904,3.4704723308619787,5.482297802983205,5.385548456072278,1.067837640265224,1.6868608624563708,0.5899550798852066,0.28462733637958265,2.2120544014479746,1.3166944497667734,9,18.6941143117809,26.91983271128126
64,7,15,95.125,122.25,0.9716407020266672,100.125,0.4197037675979865,10.995831728433455,0.7784004820936639,1.0314627292465315,11.647905373825395,11.349807942674845,5.042685635357671,2.1747256490628204,2,9.58660037876272,10.43964180960909,34.026019100214135,0.949105558375593,8.492643875731515,7.086203900134804,0.0491681678358703,6.8334785118143575,0.11814596004751644,0.48825788608482945,0.05615461005607257,0.051449877397525934,0.7724184378916812,0.9602735707792465,0.28550022858614105,0.10276653251335284,0,0.44631706892156736,0.47357473194858807,1.3498703976881488,0.030499577362084848,6.796339983705298,5.362673842380113,1.0552440263895906,2.091181533447784,1.6500534899631116,0.32469046965833553,0.8998276395761661,0.07854375897022668,1.11857233313155,0.09714405163274155,8,34.1319312379242,37.538716896660794
65,7,16,148.75,194.875,1.0452382339242088,157.75,0.5482391463200744,13.601074655842229,0.7664912735311087,0.9651830344100985,15.581995577913043,14.999700577345676,5.8521763756090825,2.5092790124039848,2.2513695269677583,11.285682374636522,12.08657343611095,43.902543263816604,0.9483031042829533,51.853502430267085,68.36548314547544,0.10717769900372033,58.32115519138096,0.188032129749728,2.243759723719262,0.07035619241482731,0.09449850418285273,4.165729363833069,3.665901968913875,0.3810236869471396,0.244356843533579,0.36033435997044166,1.4829814293317047,1.180227504664019,9.468971450516767,0.02341361833317198,7.490074534611963,2.7932523953714155,3.1309923822289525,2.304638318342142,0.8594622754988971,0.9633822714550623,0.6578877139675585,0.2898169082172748,1.9911802842814745,1.2941349879541133,8,5.59680436632032,19.55276676759991
66,7,17,364.6,602.9,1.5749441164666338,426.4,0.7396741896894986,21.53867840478827,0.6058537782021164,0.6431761569018429,28.057614725640285,28.84224818415431,7.507414240424051,3.107936021880909,2.862741699796952,19.086976874200502,18.54525025076016,84.72346314604056,0.8556651288600473,19.967751779083972,41.002574444918835,0.18832710014228823,20.53290042833696,0.07842150620057613,0.5854443569230453,0.02892821552301912,0.07674103297844817,1.754111288265092,2.114689282047882,0.5150311993550283,0.17126175743211325,0.07234147606746381,0.8205463351785373,0.9950086566845022,4.480411466805048,0.03976852948046723,6.5485640119878035,2.157894195527821,2.1187523942805835,2.014942772919324,0.663967444777791,0.6519238136247949,0.5676957105439586,0.2172333056589887,2.0565843170487663,0.97124544248619,10,9.59458763617939,19.421047759750387
67,7,18,150.4,219.2,1.1597370133967453,163.2,0.7148612217898382,13.790147970949256,0.6976767797419972,0.8750031801109828,17.115185264516896,16.662199982878242,5.6533375020515635,2.4093544575806622,2.118033988749895,11.0895741804636,11.528601714212067,46.75878784786799,0.9274293052612383,28.41048319820618,58.73443056107153,0.15211868438335613,37.49311047823765,0.11052761744641171,1.2142882997837778,0.058683472000687,0.10859143120411326,2.6260370522548744,2.5757613179995014,0.3940883824972837,0.08796649265375386,0.11128351180739647,1.2421600918205555,1.0238302045833207,7.032324185059133,0.03295910412192046,3.8168482400793673,1.6187648011447624,1.406510878601428,1.1744148431013437,0.4980814772753115,0.4327725780312086,0.41957714869214724,0.32500697291306946,3.745889886760021,2.471144080450259,10,4.536870295353182,14.56888321030286
68,7,19,166.42105263157896,244.6315789473684,1.1043287801664419,179.57894736842104,0.6438672089940359,14.130817784744181,0.6896234988705855,0.9137371124172488,16.626686785625523,16.18006402573346,5.745988208920491,2.4959262979639645,2.242164534710081,11.586500123156386,12.344447264005492,47.09116348123494,0.9352634500247494,91.95670224469393,142.02472809976743,0.11163063718866113,103.90503986785973,0.11433084548805875,3.5905990401276315,0.06291678145712351,0.08616971456848277,4.718086155489293,4.754559416088896,1.1227142348391215,0.40469680015709547,0.37127900458925567,3.5068586099574506,3.11168225771973,14.568401394262475,0.022295470015121794,15.249663337762936,5.6614614709593,4.326079258590356,4.6922041039270574,1.7419881449105539,1.3311013103354945,0.7247030721192591,0.2407064902686947,1.6101728046078012,0.7653969840510062,9,31.40260773431361,42.941020457158345
69,7,20,105.4,158.4,1.1519688018867105,112.8,0.8037632704223492,11.575241530137115,0.6688843598469267,0.8743306925158084,15.32664121654378,15.274365630434218,4.871477664211886,2.084662202060363,2,8.814023140289247,9.033541073822873,39.026197667087544,0.9351162582754677,8.48789988421426,18.839674448708855,0.10867645425203445,9.942054337230532,0.03316846338840259,0.4867483197198817,0.041713956678391145,0.07396755741208068,1.238260274304017,1.5612511321265827,0.2762956690952303,0.05704290927758361,0,0.4864795101836367,0.327358427768357,2.961188744145601,0.022022813414959187,3.3231349236320264,1.0138412378688513,1.2456438404105064,1.0225030534252388,0.3119511501134927,0.3832750278186173,0.4675218868429919,0.3961753537061518,13.151219121760148,25.295464070110185,10,0.5617243021608285,9.12457114081966
70,7,23,93.57142857142857,125.28571428571429,1.0037866036268575,99.57142857142857,0.5526387274636463,10.814887453314237,0.7470830756545043,0.9988428985209645,12.3027303611669,11.762047043692982,4.778934620393046,2.0945069715477906,1.8744743347942348,8.929112054241081,9.624436981716913,34.12777775753261,0.937716888521812,28.324648528899953,36.2248270560136,0.055813467884291916,29.17108810024715,0.19889949331869647,1.593704667671926,0.05137871663213983,0.05491075087418378,2.71299408164679,2.535736099362875,0.4344512358637809,0.20567944412300876,0.2304471522052563,0.9688784529200155,0.946587295949241,5.898357440364343,0.015417957324739872,22.747194914697022,10.564912111495756,6.930785893217594,6.999136896829853,3.2507421881525405,2.1325495056054136,0.9634458520368238,0.025364114125804683,1.0385428686302296,0.02744148366158675,7,61.625613268290664,63.38947266897455
71,7,25,72.625,97.375,0.9802470074643762,76.875,0.6383826757342187,9.605674350052979,0.7514872206917661,1.0233087947487443,11.017018922692245,10.504248890781383,4.16016447636713,1.9280519203518796,1.926776695296637,7.624584596229834,8.440775501797646,29.86180553784104,0.9447001655838392,7.0089228844380935,12.81670227253708,0.05819997600459264,7.199950396654529,0.055114725904943325,0.4781419001874203,0.07683116539068112,0.06087337237727618,0.537861149250711,0.5714695247648336,0.27883744280853706,0.08508472518315617,0.2071067811865475,0.6115537088649866,0.545683615451008,1.671096468648088,0.0278802780771939,8.89912029217286,2.928901773896304,2.9917336470479565,2.738190859130111,0.9012005458142474,0.9205334298609098,0.9736643703502763,0.012234279585162006,1.0271844235290726,0.012671675651852562,8,19.96013357520084,20.502312417274126
72,7,30,76.25,112,1.0220065247118968,83,0.6383889176026022,9.753917895152975,0.6853875291375291,0.9817430318008542,11.212300417155607,10.723957777344008,4.3275305161301905,1.938793160195074,1.7071067811865475,7.92077412752538,8.583524935655063,30.97056274847714,0.9164794235046323,24.67623688220444,38.22738983155053,0.06813158707899176,25.987176324743967,0.10358180685879488,1.6106317521066942,0.0640547629395479,0.06552557546637619,1.3461542389663326,1.4126710349513842,0.8346493331229701,0.26780900293210724,0.33820395745152543,1.7141158704639325,1.8035483401430639,5.260843951671723,0.02758360421083686,13.249104881370926,6.113829364574415,6.298947804483711,4.076647655806439,1.881178266022897,1.9381377859949882,0.9716675115873765,0.04907213566059021,1.0309642945988557,0.05363055768882983,4,16.78253295645789,18.34148809372325
73,7,31,83.25,110,0.9548077550388971,86.25,0.585571956299162,10.28509390906387,0.7557575757575757,1.0486319114301017,11.492784684728564,11.042269394787827,4.678694160529716,2.0589318269565355,2,8.392031531591169,9.24938852758753,31.556349186104047,0.9654621427647744,8.539125638299666,8.16496580927726,0.038911237953637406,8.80814017448254,0.09113607162794964,0.534210172047934,0.030218062696528273,0.04257360124841466,0.19427717989563104,0.3017429655233021,0.3826590339978659,0.10870261169440382,0,0.9119991029086069,0.8483600649118063,1.4540914403282479,0.02404252024502503,23.79817798432172,14.194692166018303,8.48262927427707,7.322516302868221,4.3675975895440935,2.610039776700637,0.9994877703910975,4.90534437240233e-4,1.0005126527741992,4.910033645468903e-4,4,42.54244104034566,42.58407649805491
74,7,34,71,90,0.9411834827076528,74.33333333333333,0.5975482838484504,9.486020013374054,0.7928571428571429,1.0628746025046016,10.647243779745105,10.101162268965702,4.314757303333053,1.939409203955633,1.804737854124365,7.65685424949238,8.46536217669909,28.92318420723349,0.9560073627844713,11.532562594670797,17.320508075688775,0.021899873634439192,12.503332889007368,0.10859084981057913,0.7893972213627368,0.0397697454487859,0.024661170171678893,0.3904394651143141,0.6706573074495709,0.27258782071310833,0.12837768797556565,0.33820395745152543,1.4348778704286012,1.1506558491761105,2.6349210693267584,0.016089363956083062,8.786031434518339,5.80435084410814,4.21673312962272,2.7033942875441044,1.7859541058794277,1.2974563475762217,0.987180868682782,0.01812898936665139,1.0131564395702544,0.01860601527279562,3,11.311074745488972,11.60870168821628
75,8,1,171.7,216,1.0348976832820724,180.2,0.46276837781034735,14.78312244686362,0.798324764521193,0.9670179754547612,15.84718282600833,15.914494282346274,6.627289283346858,2.7279877773435337,2.29530389222443,12.849115405549647,13.958798952028399,47.243354954612926,0.9531189810856806,6.799509786251751,17.422845793829307,0.02992505342637929,7.955431408094026,0.08400702097895858,0.2877509572615793,0.05341678137957595,0.02840663167037196,0.5827944888735275,0.6044940374375174,0.2963420599312859,0.037241741828412306,0.1873204098133684,0.5342123188791364,0.32524413131664504,1.2296833892867642,0.016287726255277166,2.7675970741015115,1.1655868569880707,1.0758806116802344,0.8515683304927728,0.3586421098424833,0.3310401882093029,0.3629696286010166,0.3612707157569469,4.7248608712552365,2.39756660251837,10,1.740128972426247,10.490281712892635
76,8,3,114.6,193.5,1.246439563445512,124.6,0.8619797900489665,12.053406783118293,0.5949737190913662,0.8064796784117941,17.210366673025828,16.38128751072301,4.2478538102902235,2.0383548798726063,1.9414213562373095,8.223587937420938,8.680311499780624,42.210259710444134,0.9191415472411899,15.685803914509592,27.236617509032456,0.093468094937783,16.036070452438015,0.023596314949601547,0.835754314860769,0.057572547976670475,0.06228382656605337,1.114566511476631,1.1320676712352404,0.41598344839245693,0.15257643099432713,0.1852419365337179,0.6826836106820656,0.7412487924062859,2.7557638531552398,0.030868151839000844,1.431820874589165,0.5766646235270657,0.3943987326774432,0.44056026910435847,0.1774352687775587,0.12135345620844405,0.35847068333898097,0.35142077811634426,5.248156888151545,3.1776955176539468,10,0.7226494548468791,5.189981611743591
77,8,4,71.9,98,1.0150896358719679,77,0.7039380987813358,9.54604652787694,0.7324621212121212,0.98650185780708,11.420040538599185,11.029036627378163,4.041473113140145,1.8763939065837818,1.7071067811865475,7.5769659773656794,8.08507382190258,30.210764773832473,0.9332940095817873,10.257246760759493,11.352924243950934,0.04074968866866492,10.392304845413264,0.035786285122107804,0.6822503239417886,0.04157663171472826,0.03786685208002211,0.828435837228958,0.9777247237852782,0.271815042845325,0.11215244056560693,0.30873656088952983,0.5911434275686729,0.6075322080535388,2.2470531914211884,0.022635587920498478,0.9287945624463942,0.4536658129942564,0.2808796712658951,0.2857829422911982,0.13958948092130966,0.08642451423566001,0.40829303653359816,0.32178529664817046,3.620609914664987,1.8172054527303578,10,0.825261878145724,4.0829923169483076
78,8,5,185.91666666666666,344.6666666666667,1.3756368649638682,212.5,0.7872930468222018,15.106735558968804,0.5511430497037813,0.7412151073408708,20.99539435092441,20.17697384518142,5.707838148242154,2.385542144317654,2.099092241645341,12.128206365953128,11.866591798991193,56.1560996455557,0.8794269832263174,64.8360987179958,132.62204213706733,0.19527737129356507,75.93358341938757,0.10374444762577523,3.0456513457834555,0.05742607762544256,0.11158191403837377,6.0119139629054406,5.7499147615055914,0.9557007938803529,0.2992360572390764,0.3199063972153089,2.506197026199916,1.9921656772619147,14.233974004608013,0.027267244608111318,11.712307728880509,1.7946250832364585,3.3427693559072225,3.603786993501695,0.5521923333035257,1.0285444172022222,0.4989292976672141,0.36907485913104005,3.485007673440761,2.5859388774459138,10,0.97934346849071,7.913403075634677
79,8,6,328.5,560.2,1.4722328177038733,374.7,0.7783001499791976,20.438569242345274,0.5926881442038765,0.6831478670977998,26.964991784565274,27.86135705042307,7.703700627276252,3.036998243062198,2.837005768508881,18.256112821167456,16.860999615452723,77.92813126546316,0.8782777171590688,24.98110396991205,83.77854405779827,0.11929072993046116,35.11584004722402,0.03088826750647643,0.7630914983427826,0.05161860332884808,0.05378168901424184,1.614429033585436,1.9564092132841209,0.2426626494710645,0.07065755139013705,0.02712805352529886,1.3309718995889022,1.0542491826489488,5.684794453370447,0.0273977627610809,1.918952307306682,0.7012738798433669,0.608441965387121,0.5904468637866714,0.21577657841334366,0.18721291242680646,0.504244786795634,0.28948256245524917,2.521755767050782,1.0916612374010926,10,2.2670072764899953,6.3114649185903025
80,8,7,89.11111111111111,119.77777777777777,1.0043675546852016,94.77777777777777,0.515683504263396,10.634967732183805,0.7426997245179063,0.9979513541053482,11.576982364033146,11.16926474071056,4.828060260305703,2.0872044095449946,1.934912618041455,9.148083154519076,9.864565807452214,33.445238074992936,0.9390124951751471,10.810231778787683,10.207567998521707,0.05323292219972582,9.858724280780168,0.07744053451868592,0.6339624295141545,0.04120529804597529,0.04890177415839928,0.6422726039367561,0.7269565295874824,0.3886687384057729,0.1327639016281175,0.19526214587563495,0.46835028882941027,0.684023098014374,1.585848994513208,0.026069051886133825,1.1672114018442634,0.6057224504407903,0.28395478402640306,0.3591419697982349,0.18637613859716626,0.08737070277735479,0.3390560591543307,0.31225759972715794,4.9406139815142245,3.0126551987353456,9,0.7454379866562555,4.8457796035263225
81,8,8,117.9,161.2,1.0407890368102983,124.7,0.4335920230033397,12.183807525419798,0.7298181000928254,0.9690496419640594,13.008211304716095,12.613690952154295,5.432387076268454,2.3088354003304046,2.0358485472372254,10.814415083348488,11.597316015626376,38.902543263816604,0.9439908671841205,25.374746851501353,32.02360240683598,0.10933380376786252,25.764100777804934,0.11095525756330973,1.3620966305253197,0.0353491952357517,0.08770947011242719,1.4554965109541358,1.450976898330873,0.8090945924588103,0.28015617480733784,0.24792627199785489,1.3508552204967892,1.2506688857892028,3.7207005675644877,0.02550387624253587,19.92022032636051,4.8050142489094965,6.142810331650781,6.12929856195708,1.4784659227413834,1.890095486661779,0.9731520690202009,0.017034142673107457,1.0278660714286316,0.017832962432636906,10,41.75332652884345,43.24512824018547
82,8,9,110.21428571428571,147.07142857142858,0.9897259218905404,115.85714285714286,0.47118905251196197,11.812173319617592,0.7507804146403048,1.0109449596163866,12.66068711250623,12.301561563695138,5.423687926078748,2.2909114840400133,2,10.399163339206618,11.114305288748382,36.93887340462743,0.9515059332185324,16.469919300295366,22.564315891432464,0.02422343963709329,17.448196480999417,0.08134327835578876,0.9292047082878564,0.03298301253970034,0.024833003605185512,0.9066239163996167,1.0525486769177794,0.5664009131285141,0.1421618139598542,0,1.0639492113957443,1.0422359681324918,3.216612052556278,0.011847428273744682,11.823584471674918,3.2306274907211137,4.2573223797801,3.6380259912845903,0.9940392279141889,1.309945347624646,0.3992661818465663,0.3686989798000431,6.810469686203876,5.49746159430997,9,27.011473731300736,40.37452178554609
83,8,10,124.7,160.1,1.0068150294259819,131.7,0.41253684898307846,12.592170599283264,0.779343733189887,0.9951996616867635,13.319612469771462,13.064020720292529,5.817684051366765,2.4191868737128712,2.0826237921249264,11.238505682900838,11.975150589545462,39.67766952966369,0.946492080875539,9.298147963737486,11.798775831039045,0.048659400076089994,8.895067297228405,0.13426760963393441,0.4832883048231722,0.029737926555406274,0.045282277469236465,0.5645042813948835,0.6067789454410627,0.4143968555124994,0.09575828570157606,0.11197687372930754,0.7271778626251986,0.6882332643285658,1.6145482600611731,0.013958822827147633,10.529358674678088,2.879598741501066,3.2348513403331243,3.2398026691317194,0.886030382000328,0.9953388739486536,0.6401926803214427,0.27260636042269715,2.0375769844096396,1.357870069575101,10,19.532878598105945,25.91638867350959
84,8,11,132.9,187.2,1.057881355056204,139.4,0.6595917067016454,13.005822437464802,0.7112749954294072,0.9457817259927639,15.122337475293374,15.542903831443715,5.7264933076335485,2.4093883710821293,2.141640786499874,10.628961794810532,11.337983590371596,42.02741699796952,0.9537354464895063,5.363456596884761,12.191071414039959,0.025758256163232695,6.752777206453653,0.03510935094922738,0.26271704347760555,0.028867147474219375,0.022654653373357942,0.45175022013505994,0.4923193255649954,0.08990363747543798,0.027366064294163717,0.12190497939060708,0.5499797854744534,0.32799855096080766,1.2242145670033402,0.012166835513333524,2.3560165473884305,0.7154862889615806,0.8364070797124525,0.7249281684272094,0.22014962737279403,0.2573560245269085,0.3700057686777109,0.36361902378795613,5.279035365851734,3.2346937104250597,10,1.012993440875766,6.439376600654226
85,8,12,144.4,195.4,1.0234921669718864,153.7,0.4078227160134886,13.555705011974913,0.7405751620174696,0.9777495430838323,14.27970978101463,14.359967451116121,6.202237779455839,2.5629079309923957,2.212461179749811,12.012300259149715,12.985823149881034,43.08538597629122,0.9396554044063208,7.0898989179442236,12.74711296289826,0.028863125482640042,7.513691207093592,0.06981596589083008,0.3310788561249949,0.03814720341994357,0.02768833730373714,0.4923469652067501,0.810579218752151,0.18928675216516683,0.046999704638758646,0.07465124915287169,0.2577199581950302,0.3548062672771189,1.4117914031009133,0.018394704737617368,1.9682289848447223,0.7453547030594555,0.7566428944990515,0.6056089184137607,0.22933990863367862,0.23281319830740047,0.5014397356372478,0.33015328039798586,3.137837481190536,2.4377221196642562,10,1.8098590368791123,6.708192327535101
86,8,13,143.9,177.8,1.0160332390121745,150.7,0.4250846112695127,13.531577985540126,0.8109617732694656,0.9849474224658685,14.333073395717994,14.38684068960719,6.240731785063498,2.574710256842166,2.1298373876248844,11.731370849898475,12.890989450526204,42.83919189857866,0.9546022782700425,7.694875639743056,8.816650913659524,0.029034355886487066,6.600505031182589,0.09305219400910668,0.35834140864655034,0.056111194732251034,0.028310240897547724,0.32948171464453585,0.49307985815114425,0.4126698800334878,0.07864496848236446,0.11737641266544134,0.44088040977660453,0.6013387976578735,0.9925811199571808,0.01592666928397972,1.9875924187888825,0.8336309986860437,0.6704647756569042,0.6115668980888869,0.2565018457495519,0.2062968540482782,0.46382421815015556,0.25999482494083914,2.654043018920452,1.089630414850475,10,2.4165680172191144,7.502678988174394
87,8,14,79,112,1.0704544176772646,84.3,0.7988201429338121,9.997646947851775,0.709021534021534,0.9359705582489356,13.086225131710856,12.385624054795906,4.032405840960379,1.8838033721323053,1.7949747468305832,7.264578900557845,7.771156477880105,32.532085117392114,0.9366239062514639,12.675435561221029,20.210008521632158,0.04886339077818298,13.292019326565011,0.04262685967032201,0.8386361548423897,0.037866627936189924,0.043562982691110023,1.4699206807176035,1.4893386948803191,0.393986934059459,0.10527136094282545,0.27786290480057685,0.6121710118317374,0.5669516895983636,3.2973386057035037,0.02074996872854146,2.74286273339225,1.064094446246196,1.0636802688494011,0.8439577641206923,0.3274136757680603,0.3272862365690465,0.44761261665329,0.32157437629409785,3.134926237096395,1.6183178419807043,10,2.3007807405324874,9.576850016215763
88,8,15,130.2,175.5,1.0935889861916692,138.7,0.7286187927098703,12.870454193225516,0.7459536170528818,0.9161424686765783,15.756217492231341,15.286677436946018,5.155157247577465,2.336128120517709,2,10.027318066121898,10.716938373642497,42.291883092036784,0.9392004944163177,7.757433710820723,17.740412120980228,0.05031150251297844,9.28619046398109,0.04212813543652826,0.3759396887236889,0.05532781475133557,0.041618929605559664,0.9618345987642613,1.0096715300672512,0.16449840509032215,0.021986838254097398,0,0.6747966588770453,0.3272335897239765,2.066491330159771,0.01501006004343241,2.9821406950934652,1.1574278605515669,1.090009890184948,0.9175817523364509,0.35613164940048214,0.33538765851844554,0.4871600216037141,0.26539148554798453,2.6263772087603887,1.486707656540749,10,4.240989505884928,10.4168507449641
89,8,16,128.9,177.8,1.030502608638518,136,0.6501029568693376,12.806584769706058,0.7258552878745187,0.9714049558172076,14.78852627771186,14.366927304736492,5.5558290573840265,2.394130260136252,2.0826237921249264,10.55329786280883,11.176531362321407,40.847518010647185,0.9481809961523312,7.248754682319194,12.363027317143825,0.03564427857562751,8.472176684759223,0.04548496651479456,0.3527099102272923,0.02453135059480262,0.03228478096548783,0.780869910772087,0.8764827566390453,0.19079798836385206,0.04429568567100339,0.11197687372930754,0.4078591445118048,0.27742626795812464,1.6802085751430442,0.014277415813247325,3.1233412435115726,1.2246033635000944,1.1635086784689797,0.9610280749266378,0.37680103492310596,0.3580026702981476,0.33310519088917634,0.3027228077529595,4.716906083422181,2.3570463170851266,10,1.760264605538728,11.021430271500847
90,8,17,87.9,139.9,1.1514410958318981,95.3,0.7610238386446078,10.548209237091564,0.6435485565632624,0.8778424327095276,13.668573598433843,13.030329557510765,4.105539110717278,1.9310241030988353,1.882842712474619,7.707075423083297,8.441010596405983,35.61614716074871,0.924469499036546,14.677647404585427,35.32531355526484,0.1254126681952466,17.036235890986404,0.09490871398053333,0.8518201901790561,0.07869344317487299,0.09581276767314661,2.226881678017216,2.0576447222387566,0.222482484630891,0.07501327723770351,0.24698924871162387,0.4590804172303701,0.5488177393677195,4.510808995950705,0.02581479308064065,3.431534795014512,1.410177746164295,1.213308972475055,1.0558568600044653,0.43390084497362924,0.3733258376846323,0.37022739754643275,0.30195280452126916,3.943573197052924,1.9163405868706282,10,2.4728494894382043,12.691599715478654
91,8,18,84.2,105.6,0.9722043886203384,87.9,0.5224738956653382,10.347118540782372,0.7974915824915825,1.0291954609361442,11.28871768901536,10.682773050927656,4.613475507123364,2.0633380972317235,2,8.58775453144893,9.596142242461656,32.045079348883235,0.9581343348340977,6.408327915038889,7.0898989179442236,0.024936303662326704,6.740425308044985,0.05832621629628037,0.3998716039741507,0.03212450307488995,0.026222858738206782,0.36413611510762495,0.2950705045198258,0.35876910738557893,0.07226468365632004,0,0.5072290614039521,0.49956211372532433,1.1883621456176818,0.01739984602535807,1.6855104426419705,0.887757486028398,0.6083533435032639,0.518618597735991,0.2731561495471994,0.18718564415485042,0.6678201823191672,0.23228975471211263,1.6835572420209715,0.6288114503754083,10,4.058663652119751,7.9898173742555825
92,8,19,171.83333333333334,267.4166666666667,1.1709089381618913,186.58333333333334,0.751237292924122,14.68963147537223,0.6442200773978057,0.8583293150473935,18.819354740669755,18.018471359001236,5.48691767760049,2.500452352745118,2.1770509831248424,11.253850435119292,11.840661327559017,50.06286672667087,0.923057273323523,39.70993311350182,64.06170084497847,0.0875532406254274,44.44497790083893,0.09481726256614867,1.8089843121322564,0.021710497500157272,0.06279039349650989,3.5012182966316985,3.1481059041072745,0.4977049866247781,0.20002169872308034,0.10676575996157231,0.9133249433885001,0.951516719243631,7.505491887376698,0.015160153493434376,7.459471205495825,1.735943740552218,2.019838620956955,2.295221909383331,0.5341365355545286,0.621488806448294,0.42148495908834327,0.25402363837165387,3.299923186786177,2.0149630257578957,10,7.250619805894103,15.72674707673182
93,8,20,144.2,214.6,1.0766282688426092,155.06666666666666,0.5967636838221693,13.252292849512678,0.6874470429758919,0.9398059817707362,15.793172042536463,15.018912754175956,5.5700898653491855,2.380822322315082,2.0402213641411455,10.94325267904914,11.549323545800354,43.57692637711081,0.9398124494930183,59.93591816026752,102.8131453518608,0.12511156293534345,68.35669751559166,0.18296765731825848,2.9236492451763634,0.06207415822669211,0.1014089866671627,5.010637540263466,4.55509052157789,0.9860267809683199,0.3480790790257789,0.33407139736574837,2.3196953735188557,1.9890486261633118,11.856384819277817,0.028763798447237216,7.0333011534533325,2.5637672857571827,2.356278317427851,2.1640926626010253,0.7888514725406716,0.7250087130547235,0.3957906159529665,0.28371510469121763,4.05031580727811,3.4813767422756015,10,4.473778217285468,20.50566137918194
94,8,21,110.7,151.7,0.9951394164907861,116,0.6417727341606028,11.869617268844207,0.7319139194139194,1.0061691029018298,13.597205400669194,13.195027934061093,5.16396787421308,2.2730589584334684,2,9.727375847725206,10.398779697104636,37.19898987322333,0.9546316827071241,4.762119042797836,11.518584017915474,0.03759987786719149,5.557777333511022,0.03505578421261045,0.25777572797103193,0.03786335068610911,0.03780522475588024,0.5079807738935723,0.4609625428834742,0.19274564152801812,0.038085898345884106,0,0.24565776385082114,0.2230965354806378,1.2849943690580923,0.016636905352663565,2.724420478220751,1.0682168868452577,1.1432038652853531,0.8382832240679233,0.3286821190293101,0.3517550354724163,0.46726659244050395,0.3501671633196338,3.314074336263466,1.9124436635830027,10,2.3861047566693867,9.613951981607322
95,8,22,68.66666666666667,93.22222222222223,0.9563357139150003,71.77777777777777,0.5010973263902833,9.339682533558383,0.7381313131313131,1.0469390596179813,10.126966249228696,9.782864973561438,4.091766204365832,1.8994928690123112,1.7396504721658201,7.8830360789737295,8.716232701552903,28.67862752648053,0.9557777210735083,6.689544080129826,10.44961455961149,0.03511512543598662,6.220485868840507,0.08143661357692827,0.47368372853502555,0.03309622587742995,0.039290422039759694,0.46465868957441103,0.45551841093179196,0.19907409402239526,0.09054346747857384,0.30873656088952983,0.3904612013994501,0.5542657241798571,1.3329304394671129,0.01977716717153319,2.247378933889734,0.5390831412923264,0.697712654185497,0.6915012104276104,0.16587173578225428,0.2146808166724606,0.5436595590728899,0.22394540958721332,2.0646898372230402,0.6515348246653165,9,1.5011696879238732,4.312665130338612
96,8,23,134.1,178.3,1.0097717239694237,141.1,0.5406677975714707,13.048558199224066,0.7546129168450597,0.9909108397879902,14.300627595583373,13.968999692716833,5.845205300058379,2.4770335420974234,2.188854381999832,11.194585937223707,11.97906722820141,41.19898987322333,0.9503520982297169,14.525456581081674,23.54216076177659,0.025916180151532082,15.212933094355385,0.0569780086017209,0.727668934526729,0.03736803932251158,0.025474537757071612,0.8985908587586617,0.9231874643363589,0.3852488375776519,0.12363012493836782,0.09953499887049559,0.8421682447311244,0.6761762003093298,2.5361898809067016,0.014062756025233773,25.87097520198721,13.439144360296408,7.7856364541239715,7.960300062149911,4.135121341629664,2.3955804474227604,0.9863320729648097,0.008903835145176989,1.0139304967721867,0.009118689162373725,10,118.9635337567534,120.95229924266766
97,8,25,160,267,1.2876314689616266,176.75,0.8313756749438606,14.211356130822763,0.6146734811348782,0.7805002097220568,19.89898303869696,19.309591514843177,5.285259642554918,2.3307181372016847,2.118033988749895,10.388696855644884,10.65081879489843,50.72361107568207,0.9056546165119688,34.583232931581165,89.76636341080105,0.10715268444829071,39.10136400007891,0.05575355800348179,1.5300039566625552,0.06487228048789187,0.06223575817148886,3.9488442038231044,3.6768964322095363,0.2967164994407249,0.14628809527401782,0.13629391035655417,0.49233350140993165,0.421594732404252,7.023130547588653,0.017518021373360056,13.14767315224411,6.8223543040271135,6.1080901795430105,4.045437892998188,2.0991859397006505,1.879412362936311,0.9767721485191745,0.025255876709445582,1.0242393354154993,0.026637303508489,4,20.06651064042154,20.46706291208134
98,8,26,99.2,132.7,1.054545815045735,106.2,0.6895675255600615,11.143798593650834,0.7573000841750842,0.9546037451887363,13.530570596645852,12.898353503851549,4.586065814341963,2.0955329260179703,2,8.582092363815804,9.401888734278945,36.10782104868019,0.9375574368415333,28.34627155572865,44.00517646317937,0.09322160373637804,31.81823376619136,0.0912200499075158,1.5351857440546737,0.05051869053129367,0.07967411831600836,2.9816501400033903,2.775383234734437,0.43204982547539666,0.1383187618094197,0,0.9898419099327002,0.7220189502095016,6.642667721206581,0.02537814812287076,2.590935398529259,0.959606673572365,0.9201602755724061,0.7972108918551566,0.29526359186842,0.2831262386376634,0.5411738108394523,0.3712260747859499,4.172352992127274,4.238925348606136,10,1.0419610816858036,8.636460062151286
99,8,27,135.2,216.7,1.2369524293370984,148.8,0.7484702864099241,13.066841911102342,0.6395015263999221,0.8191770651702155,17.474685127767742,16.671161849272053,5.096836864145458,2.2292003599150165,2,9.736603314452479,10.184797828074537,45.78954903232548,0.9104225498347276,24.512128517214585,54.20752305312941,0.14180550133852243,28.125907392769868,0.20703644986935663,1.2470538251117746,0.07506929282456257,0.10470647195493604,3.475644900885784,3.15741852984997,0.1572470818944801,0.07671364659289555,0,0.43056590428868846,0.34044558003077047,6.608471436622744,0.023722809200832896,3.369408859723824,0.9993822798304011,1.0521489667272383,1.0367411876073305,0.3075022399478157,0.323738143608381,0.9691856822882985,0.021925162692015283,1.032268781364299,0.0236159446705042,10,8.368174963153706,8.99444051847361
100,8,29,79.75,145.16666666666666,1.3201373896617232,95.83333333333333,0.7278515290212696,9.972379638087407,0.5997373701385569,0.7925566232722508,13.3909049636885,12.897355532018342,3.705141761068509,1.7538475901219113,1.4874368670764582,7.975655797899517,8.36489902553916,36.278261761429235,0.859025043530175,25.648409484623198,82.47185011024102,0.3288894837608933,40.94971047368696,0.13466950639780023,1.5108690021389184,0.10389382162222932,0.15543511068754567,4.22778308792026,3.6791629898980425,0.4535811408450999,0.10288479272429761,0.18205702401229476,1.4718293787676382,1.3046948804095275,10.045725033725057,0.07778916840592992,7.892981186237466,2.501138647819902,2.3722476205902807,2.428609595765374,0.7695811224061238,0.7299223447970095,0.47278429129292315,0.38744699969192914,8.503966746048844,10.669309912241868,9,0.6643707668007836,17.44567732147514
101,8,30,81.33333333333333,109.33333333333333,1.11331809407361,89.66666666666667,0.6226398184087814,10.115352357506886,0.7484645241589686,0.8997923849975783,11.765582550231516,11.554245924592284,4.142756459063067,1.898411648897441,1.804737854124365,8.461394481972688,9.082909596198911,33.53265991548222,0.9078122398434898,19.69433082556162,28.897520078142808,0.05107822671220154,22.40238082585569,0.12097408844072764,1.2180950645691586,0.04870161247212068,0.04125711989504484,1.0719794611444053,0.9996406038427638,0.636461078990289,0.17561277216960475,0.30249881564842296,1.4674104798233116,1.4548981271313872,4.272272654558696,0.01894185989985589,1.9407584067407595,0.9394642615216231,0.6152894836638386,0.5971564328433107,0.28906592662203784,0.189319841127335,0.6032081085804141,0.22668031838288932,1.8004341393861258,0.48148786175961106,6,2.4282890415915523,4.6973213076081155
102,8,34,59.666666666666664,127.33333333333333,1.4920253797405285,67.33333333333333,0.9465683406403635,8.698877073620855,0.46787101787101787,0.6723381638497522,15.737515422923291,14.067647005823629,2.49071198499986,1.4594586465875246,1.4142135623730951,4.838317222638149,5.043571210949478,33.327585352432294,0.8864734299516908,9.291573243177568,6.429100507328637,0.10230241816695418,9.60902353693305,0.01484655279982311,0.67025796589618,0.06113787793961283,0.04615831512717749,0.61942201735001845,0.8074413782512218,0.4410563588330716,0.1101715992209823,0,0.7081061326307058,0.694108774275582,1.9225254011818762,0.05247981819891767,0.4133482533382868,0.3193560395956732,0.13292506343227492,0.12718407795024209,0.09826339679866869,0.040900019517623044,0.741674945808845,0.36532679513789623,1.5344473199871527,0.7558226482997846,3,0.30872141425204663,0.6387120791913464
